-- MySQL dump 10.13  Distrib 5.6.19, for debian-linux-gnu (x86_64)
--
-- Host: localhost    Database: homestead
-- ------------------------------------------------------
-- Server version	5.6.19-0ubuntu0.14.04.1

/*!40101 SET @OLD_CHARACTER_SET_CLIENT=@@CHARACTER_SET_CLIENT */;
/*!40101 SET @OLD_CHARACTER_SET_RESULTS=@@CHARACTER_SET_RESULTS */;
/*!40101 SET @OLD_COLLATION_CONNECTION=@@COLLATION_CONNECTION */;
/*!40101 SET NAMES utf8 */;
/*!40103 SET @OLD_TIME_ZONE=@@TIME_ZONE */;
/*!40103 SET TIME_ZONE='+00:00' */;
/*!40014 SET @OLD_UNIQUE_CHECKS=@@UNIQUE_CHECKS, UNIQUE_CHECKS=0 */;
/*!40014 SET @OLD_FOREIGN_KEY_CHECKS=@@FOREIGN_KEY_CHECKS, FOREIGN_KEY_CHECKS=0 */;
/*!40101 SET @OLD_SQL_MODE=@@SQL_MODE, SQL_MODE='NO_AUTO_VALUE_ON_ZERO' */;
/*!40111 SET @OLD_SQL_NOTES=@@SQL_NOTES, SQL_NOTES=0 */;

--
-- Current Database: `homestead`
--

CREATE DATABASE /*!32312 IF NOT EXISTS*/ `homestead` /*!40100 DEFAULT CHARACTER SET latin1 */;

USE `homestead`;

--
-- Table structure for table `note`
--

DROP TABLE IF EXISTS `note`;
/*!40101 SET @saved_cs_client     = @@character_set_client */;
/*!40101 SET character_set_client = utf8 */;
CREATE TABLE `note` (
  `note_id` int(11) NOT NULL AUTO_INCREMENT,
  `user_id` int(11) NOT NULL,
  `text` text CHARACTER SET utf8mb4 NOT NULL,
  `uuid` varchar(150) NOT NULL,
  `created_at` datetime NOT NULL,
  `updated_at` datetime NOT NULL,
  PRIMARY KEY (`note_id`),
  KEY `updated_at` (`updated_at`),
  KEY `uuid` (`uuid`),
  KEY `user_id` (`user_id`)
) ENGINE=MyISAM AUTO_INCREMENT=519 DEFAULT CHARSET=utf8;
/*!40101 SET character_set_client = @saved_cs_client */;

--
-- Dumping data for table `note`
--

LOCK TABLES `note` WRITE;
/*!40000 ALTER TABLE `note` DISABLE KEYS */;
INSERT INTO `note` VALUES (234,5,'флаер по внутрисуставным под УЗИ (что, зачем, подготовка, потом как - кисты, синовиты, гиалуронка) \n \n','1b3c2c01-220a-47e0-93b0-0b35c697232d','2015-06-06 12:04:26','2015-08-20 10:15:48'),(3,1,'завести фейсбук дашеньке ','c39e89ce-fb38-4b54-be96-665476124c3a','0000-00-00 00:00:00','0000-00-00 00:00:00'),(207,5,'Подготовить Школу по остеохондрозу с Егором. 200 грн с человека, до 10 человек группа. 2 часа длительность занятия. Цикл - 1 занятие\n услуги','a3180275-9e97-41e4-a7a6-ba760bcf089f','2015-05-27 06:49:29','2015-06-05 11:07:00'),(420,1,'позвонить де 07/28','fd00ef33-03c9-421a-b5a1-6021c4ec9b60','2015-07-21 11:26:56','2015-07-21 11:26:56'),(274,5,'сброс набора тагов = ф5','4001b310-4314-4c5b-bab5-1ff64f29981f','2015-06-15 16:46:53','2015-06-15 16:46:53'),(430,5,'http://fotos.ua/c-h/ch-s09lhrp.html\n','712a5542-107e-4005-af96-a8903c4f1d48','2015-07-22 13:07:26','2015-08-20 08:25:00'),(221,5,'Мониторить все врачебные ФАКи, отлавливать вопросы по ревматологии и уточнять: этой проблемой занимается врач-ревматолог и ссылка на каталог ревматологов Украины на сайте Ревматология. Повесить на интернов.','0f7e6333-1948-41b2-9c53-6517dd9f7471','2015-06-06 10:31:25','2015-06-06 10:32:09'),(222,5,'школа ОА сайт: сплеш, видео, урезать сайт до 3 занятий, собрать и упорядочить домашки/опросники','3ae6f517-5d16-4dd4-8a2b-632343a41609','2015-06-06 12:00:03','2015-06-17 08:39:42'),(257,5,'сделать евробуклет из самомассажа, массажа и ЛФК\n','56cfe035-c955-4d0a-b6c3-26a46f143cf4','2015-06-10 09:50:17','2015-08-20 10:16:12'),(224,5,'резинку егору, слив у Оксана','dedc8d1a-edcb-48cf-aeb3-61f4f071c3d9','2015-06-06 12:00:48','2015-08-25 10:23:53'),(225,5,'договор с АХА и потом взбодрос всех страховых (кому-то новый прайс, кому-то досвидос)','bc8678b9-34e9-4b39-8ff4-63a33185bcab','2015-06-06 12:01:03','2015-08-25 07:07:12'),(226,5,'пополнить всю полиграфию инфой по Фейсбуку','2fe4cc0f-4b59-4f78-8207-a2ce502e5eeb','2015-06-06 12:01:21','2015-06-17 11:57:54'),(291,1,'only two entities: notes and tags and features are limited only by imagination','b641dd23-4537-4257-a4c4-d48c966243e2','2015-06-17 12:40:06','2015-07-23 08:46:12'),(293,5,'сделать полку на ресепшен 25х45','03d86cef-247f-4518-a12f-2b9da1c0a8cf','2015-06-18 10:24:19','2015-08-18 17:28:51'),(436,5,'сделать еврофлаер с тестом по псориазу   ','a58cf2f4-fa68-48bc-afb5-de941ccc0883','2015-07-29 12:11:15','2015-07-29 12:11:15'),(229,5,'общее совещание всех сотрудников 28/09/15  ','a98c0a58-8033-4238-9025-c5abe8b52819','2015-06-06 12:02:17','2015-08-25 07:06:59'),(230,5,'собрать подписи на ЛЕК (отдал Шлапак) на очереди Матиящу и Негатина','25e8dcb0-77a1-4395-844b-82a3fe020cad','2015-06-06 12:02:41','2015-08-25 07:05:48'),(231,5,'РА (верстка, картинки, SEO, кнопку ЗАПИСАТЬСЯ на правую панель)\nОА (верстка, картинки, SEO, кнопку ЗАПИСАТЬСЯ на правую панель)\nПодагра (кнопку ЗАПИСАТЬСЯ на правую панель)','86263885-c8af-4bd3-be72-d2c160e40ab3','2015-06-06 12:03:19','2015-06-22 07:26:14'),(232,5,'- запустить раздел по иммунобиологии на Ревматологии','0469df53-402f-4dbf-9377-517d5afad332','2015-06-06 12:03:45','2015-06-06 12:03:45'),(45,3,'моя первая заметочка  ','173cd069-3d87-4280-bdb2-4559c2def49c','2015-02-03 22:56:42','2015-02-03 22:56:42'),(46,3,'моя вторая заметочка ','141237c3-62a5-4b27-83e5-a4f9fac5cf69','2015-02-03 22:56:52','2015-02-03 22:56:52'),(235,5,'затулить на сайт клиники локальные протколы вместо описаний диагнозов','1b816115-4fce-4110-8034-7ef3ccab4a7a','2015-06-06 12:04:40','2015-06-22 07:18:49'),(432,1,'URAAAAAAAAAAAAer er e','8005e858-b73c-4778-916e-f492515e6166','2015-07-28 22:29:28','2015-07-29 20:50:19'),(433,1,'ere sssssssssssss','7db567e7-0b70-4d0a-86de-96f810ed122f','2015-07-28 22:30:04','2015-07-29 20:50:25'),(52,4,'моя первая записулечка','c521e93b-2471-4153-a4eb-62dd16789081','2015-02-04 08:11:35','2015-02-04 08:11:35'),(53,4,'вторая записулечка  ','f7cf428b-5265-41ac-bc85-403d6c6d27ed','2015-02-04 08:11:54','2015-02-04 08:11:54'),(54,4,'третья  ','e9affcd6-efb1-49aa-a680-8cf91f2c9e83','2015-02-04 08:12:08','2015-02-04 08:12:08'),(421,1,'позвонить электрику 07/28','9e5c5496-375d-4931-bc0b-8ad7af12d42d','2015-07-21 11:28:33','2015-07-21 11:28:33'),(209,1,'1When elements are positioned outside the normal flow, they can overlap other elements.\n\nThe z-index property specifies the stack order of an element (which element should be placed in front of, or behind, the others).\n\nAn element can have a positive or negative stack order:','56e2f528-0485-4e7e-b041-7c437d66e868','2015-05-29 21:24:31','2015-06-01 19:48:16'),(59,4,'wdfwsdfs','f91b812f-4787-4da9-974e-d8d0d7e2e738','2015-02-12 17:42:02','2015-02-12 17:42:02'),(60,4,'wdfsdfsd','57bf6d0f-f057-40a5-8f73-270677ee2a88','2015-02-12 17:42:03','2015-02-12 17:42:03'),(237,5,'прочитать https://developers.google.com/web/fundamentals/','bce74dd8-866e-419d-b186-72bdecfafcf3','2015-06-06 12:05:15','2015-06-06 12:05:15'),(238,5,'- сделать блок на сплеше клиники с фоткой папика и чесом, когда нужен ревматолог и почему именно мы так круты','8223bbc9-c88f-4c69-89b8-cc4b70235366','2015-06-06 12:05:31','2015-06-06 12:05:31'),(239,5,'Алена Говорыть Украина 067 507-24-46','ecb43e03-77dd-4a2e-91bb-b0c4b511188b','2015-06-06 12:06:08','2015-08-25 07:05:36'),(240,5,'Ирина вода 097 154-27-09','4058f1ca-a13a-4a59-b211-53bdd01b9325','2015-06-06 12:06:27','2015-08-25 07:05:31'),(242,5,'составить план развития, расписать каждое направление (клиника, учебный центр, научный центр, интернет и телемедицина), цели и стратегию','eff70783-db6e-4a75-998c-63f2ce1a388e','2015-06-06 12:19:06','2015-06-06 12:19:06'),(73,1,'tar -pczf ~/archive.tar.gz /path/to/source/ --exclude=tmp --exclude=trash','f052db33-cbaa-4e24-bf41-f9b7edbd9bfe','2015-04-23 08:10:42','2015-05-26 22:26:26'),(74,1,'du -sh *','ee9585b3-8cd8-4997-9e9f-2654e99e2c04','2015-04-23 08:37:29','2015-05-26 22:26:21'),(75,1,'gunzip file.gz\ngzip -d file.gz\n\ntar xvzf file.tar.gz\ntar xvzf file.tgz','0a7967e4-016f-47a0-a2d1-add5bf5c4c25','2015-04-23 13:59:33','2015-06-11 16:03:45'),(76,1,'http://habrahabr.ru/company/geekfamily/blog/256495/','db09c2cf-c0c9-43a3-b7fa-aeb08118c9ef','2015-04-24 07:35:14','2015-05-29 21:50:45'),(243,5,'управление тагами:\n- избранное. отдельный блок дето сверху с избранными тагами\n- частые. отдельный блок дето сверху с частыми за последний период тагами (избранные не всегда будут частыми)\nили найти какой-то компромисс между ними','19b0d209-4e56-4401-bda0-6c2ee5f2d1fe','2015-06-06 12:21:39','2015-06-09 21:44:20'),(254,5,'http://ukrmedservice.com.ua/ ремонт узи','900c5d57-8f12-4319-ae65-9cfc471599d5','2015-06-08 09:48:43','2015-06-12 07:33:23'),(295,3,'Бчостмдлчативдаштмвщшамтва','f389e65d-f17b-41e0-8f6e-e25cf4f5237b','2015-06-20 09:53:13','2015-06-20 09:53:13'),(258,1,'http://nazva.net/logic_test5/','c4dc6f5f-9c88-48bf-8284-353b2d127756','2015-06-10 10:01:56','2015-06-10 10:01:56'),(259,5,'http://www.analizmarket.ru/\nhttp://testresult.org/\nhttp://www.polismed.com/analiz-mochi.html\nhttps://lab4u.ru/medcenters/\nhttp://www.medanalizi.ru/','8b2d51d4-29ff-419b-9fbf-c155fc8817b1','2015-06-10 12:07:44','2015-06-17 07:08:43'),(422,1,'fffпозвонитffeee ь электрику 07/22','f01692d0-1cbb-4a52-bde5-1deb88733e35','2015-07-21 11:28:50','2015-07-29 20:51:21'),(423,1,'пнуть дмитра 07/28','412aa022-33cb-4bb2-982a-f62d1e8dfbdb','2015-07-21 11:30:40','2015-07-21 11:30:40'),(424,1,'пнуть дмитри 07/22','177ab5dd-b063-40f3-9dd8-73189d298404','2015-07-21 11:30:51','2015-07-21 11:30:51'),(425,5,'выебать группу разработчиков 01/08\n  week  month ','fec0cb4f-14a0-4aef-a0f2-d6b47bd202ad','2015-07-21 12:11:34','2015-08-20 17:14:16'),(213,1,'you need to delete magento module on prod. What you\'re gonna do?','219878b0-3e42-4517-80f5-dfb192968847','2015-06-03 07:52:31','2015-06-10 19:20:42'),(92,5,'12/10 Международный день артрита\n10/05 Международный день СКВ','d3f44f0b-bb9d-450f-a5dd-4476db8133d9','0000-00-00 00:00:00','2015-05-26 06:36:01'),(93,5,'18.09.2003 - начало работы клиники!','d536d350-dd21-42b2-ae23-745bcf679f30','0000-00-00 00:00:00','0000-00-00 00:00:00'),(94,5,'06/2014 - третье воскресенье - день медика\nв 2015 года это 21 июня','843eff27-5f84-4449-bf9c-35c727b5c42e','0000-00-00 00:00:00','2015-06-06 16:53:10'),(95,5,'093 508-10-37 мой лайф','74992f98-70a9-47cd-8ef1-dcd6ec3649f9','0000-00-00 00:00:00','2015-06-02 13:50:00'),(96,5,'схема санаторного лечения - сделать схему под Дашу, собрать санатории, донести врачам и персоналу','c74fa82f-b67a-414c-b0ea-b0ad15c80fbb','0000-00-00 00:00:00','2015-06-06 16:53:37'),(97,5,'была бы заебатаая фича, если идет цифровой набор типа =80*0,8/4 на выводе автоматом ставило резултат - 16','7751319f-32ba-467f-96f5-a8b9880e1d20','0000-00-00 00:00:00','0000-00-00 00:00:00'),(98,5,'если в заметке есть дата (нужен набор стандартных масок), то надо эти заметки автоматом \"приклеивать\" сверху за N дней до наступления этой даты','3d2fa850-b629-4a01-a456-226b30fa2a1e','0000-00-00 00:00:00','2015-05-26 06:35:43'),(99,5,'служебный таг в списке тагов \"новое/пусто/входящие\", чтобы выводить список постов без тагов','efd61d86-9036-42aa-89d0-24a6ecec890d','0000-00-00 00:00:00','0000-00-00 00:00:00'),(100,5,'экспорт списка заметок на экране в блокнот (.txt), например, кнопка \"Скопировать список в буфер\" и потом в почту уже вставляется обычным текстом список - как вариант \"Отправить список на емейл _______\"','86e20299-f54c-4786-b15b-59aca92c05fb','0000-00-00 00:00:00','0000-00-00 00:00:00'),(101,5,'реестр оборудования на балансе (ревизия имущества клиники) - сентябрь - наработки в боксе в бухгалтерии    ','695f4dc4-4fd7-4a56-aef7-f1ba318bea53','0000-00-00 00:00:00','2015-08-25 07:13:19'),(102,5,'свидетельства соцстраха (заявления уже у Вас)','c6699803-d281-43b2-8fe7-1a0c3e48fa16','0000-00-00 00:00:00','0000-00-00 00:00:00'),(103,5,'заполнить книгу доходов ФОПа ','d053ddad-b618-4603-8eb8-d539b18b366c','0000-00-00 00:00:00','0000-00-00 00:00:00'),(104,5,'приказ на отказ в копировании карточек','9958bbb9-63ca-4eb8-871c-66d59f9bd98d','0000-00-00 00:00:00','0000-00-00 00:00:00'),(105,5,'смена КВЕДов ФОПа: 73.10.1 – Дослідження і розробки в галузі природничих наук либо 72.19- Дослідження й експерементальні розробки у сфері інших природничих і технічних наук)','a47c31f2-2704-4d75-befe-24a95e3cedba','0000-00-00 00:00:00','2015-05-27 07:29:45'),(106,5,'внедрить систему списания при выдаче со склада','09f96a8c-c939-429c-87c1-798bebc72270','0000-00-00 00:00:00','0000-00-00 00:00:00'),(107,5,'инструкцию на случай возврата','08812364-b8f9-4b87-b281-b36df4f5192e','0000-00-00 00:00:00','0000-00-00 00:00:00'),(276,5,'- протестировать систему заливки прайсов','4b670985-2268-4737-81b3-2edaf10a4e94','2015-06-15 17:05:17','2015-06-15 17:05:17'),(110,5,'если в заметке упоминается день недели (например, по понедельникам) то по аналогии у упоминанием даты в этот день заметка должна быть дето прилеплена - например я пишу, \"совещание по пятницам\" и каждую пятницу эта заметка с утра вылазит сверху','93045f85-4a21-42e6-a5eb-327708703b9f','0000-00-00 00:00:00','0000-00-00 00:00:00'),(111,5,'пробить айпи атс у Интертелекома 361-11-33 (корп отдел)','21fbdf5d-27b4-4117-bfbe-9a7c24b29fb9','0000-00-00 00:00:00','0000-00-00 00:00:00'),(112,5,'Информ согласие + правила массажа + отметка о визите - подписывать перед курсом массажа и хранить в папке на ресепшене','2ec96d73-ef16-4ef0-9dee-224a3ed0c28f','0000-00-00 00:00:00','0000-00-00 00:00:00'),(113,5,'http://minrd.gov.ua/businesspartner\nhttp://irc.gov.ua/ua/Poshuk-v-YeDR.html\nпроверка ФОП','1f350f49-905d-4164-bb88-8fa6d48b136e','0000-00-00 00:00:00','0000-00-00 00:00:00'),(114,5,'найти книгу про секс и ОХ, ОА, РА - возможно на английском','4564e924-e656-491f-8547-b9f313251882','0000-00-00 00:00:00','0000-00-00 00:00:00'),(115,5,'кондер в кабинет главврача\n ','98d05368-3b16-43b3-9423-6c5bac7ad7f2','0000-00-00 00:00:00','2015-08-20 08:25:04'),(116,5,'тестирование ревматолог+невролог (колени+спина) для планирующих беременность женщин - проверим, расскажем о мерах предосторожности (буклет) в формате Школы?','e1540c8c-5cc4-4739-97d9-36e928fe2f76','0000-00-00 00:00:00','2015-05-27 06:53:49'),(117,5,' г.Одесса Реклама в лифтах! В Одессе мы являемся владельцами рекламных щитов в лифтах – жилых домах в 2-х спальных районах Таирово -630 лифтов и пос.Котовского-500лифтов Цены приведены ниже: Формат А5-2400грн –Таирово Формат А5-2000грн- пос.Котовского Есть формат А6( 1000грн ), А5, А4, А3 Если Вы у нас размещаетесь длительно форматом А4 или А3 (мин.3 месяца)- для Вас будет скидка 30%. выход рекламы 8 числа каждого месяца. На данный момент предлагаю Вам, разместится, Выход 8 августа по 8 сентября 2014г.(реклама выходит каждое 8 число) Иванна 050-536-90-36 или 096-62-63-661, bidun87@gmail.com','08b33c40-5e2e-4ab3-8ccf-52d4705a907a','0000-00-00 00:00:00','0000-00-00 00:00:00'),(339,1,'https://www.youtube.com/watch?v=VSdnJDO-xdg <a href=\"gogle.com\">asdas</a>','1930f933-8646-402d-9b88-e458aafb8061','2015-07-02 16:32:25','2015-07-20 08:44:17'),(338,5,'разослать прайсы страховым,  добавить скидку 10% за объем\n','3c6d3708-5d10-451a-b33f-5c1b35f6e44a','2015-07-02 12:30:06','2015-08-20 08:25:01'),(119,5,'закончить анкету удаленного предварительного осмотра\nучесть инфу со штатов\nпредоплата через сайт / реквизиты','1a1964ca-b655-4be7-9d45-402420579388','0000-00-00 00:00:00','0000-00-00 00:00:00'),(120,5,'сделать полные описания по диагнозам - потом урезать, а полные закинуть на Ревмо.инфо','cbf48eae-3da6-4e06-9195-5a88b3370f91','0000-00-00 00:00:00','0000-00-00 00:00:00'),(121,5,'бить ортопедические салоны','d7bb2fe3-3a03-4502-90a2-8738fe573cff','0000-00-00 00:00:00','0000-00-00 00:00:00'),(122,5,'добить раздел Сан-кур лечения','d023ec3e-8ca2-4072-895f-d894669de7f4','0000-00-00 00:00:00','0000-00-00 00:00:00'),(123,5,'бить раздел Справочник','8b540277-4d9a-4f80-82d3-b740aa10de31','0000-00-00 00:00:00','0000-00-00 00:00:00'),(124,5,'выложить полный прайс в ПДФ','efaedcb1-52f9-4dc7-8390-01acd5d2a098','0000-00-00 00:00:00','0000-00-00 00:00:00'),(125,5,'сделать блок \"Зачем лайкать в ФБ\" - акции, доп инфа....','57c1bd62-1bad-4770-bed6-aac5ffa9e98c','0000-00-00 00:00:00','0000-00-00 00:00:00'),(127,5,'контент по санкур: http://www.sanatoria.ru/soderzhanie.php?kniga=5','bc358b50-a9e1-4388-a0ee-79621a610326','0000-00-00 00:00:00','0000-00-00 00:00:00'),(128,5,'еврофлаер для Школы ОА (с расчетом ИМТ и рекламой ФБ)','b3c7dd1a-41ac-4028-ab16-6426817fefc5','0000-00-00 00:00:00','2015-06-09 07:47:42'),(129,5,'пройтись по всей базе и проплюсовать хорошие статьи, проминусовать фигню, поправить таги, исправить глюки в облаке тагов','f2145385-129e-4acb-a80d-4e1c098a1638','0000-00-00 00:00:00','2015-06-29 13:54:16'),(130,5,'Проводить бесплатные семинары по иммунобиологии - цель сделать групповую покупку Хумиры','3bd30279-f5ce-44f8-b1ce-5c8072441229','0000-00-00 00:00:00','0000-00-00 00:00:00'),(131,5,'егору резинки для крепежа простынок  ','f53fa6f0-d99c-4dbf-bb6c-c2b577b30bcd','0000-00-00 00:00:00','2015-08-25 07:12:14'),(132,5,' удлинители\n ','7234aced-95ce-4b9d-8639-cca4c4b92609','0000-00-00 00:00:00','2015-08-20 08:25:03'),(133,5,'защитную планку на ресепшн для проводов - вместе с ремонтом  ','47e4c5c5-7a5d-4181-94dc-b44a24be2e2f','0000-00-00 00:00:00','2015-08-25 07:12:09'),(134,5,'приклеить уголки оббитые (ресепшн 3 шт.) - вместе с ремонтом  ','8e08b223-90e7-4e02-9b90-27defeb8fc4a','0000-00-00 00:00:00','2015-08-25 07:12:04'),(135,5,'динамометр, спирометр, угломеры  ','16befd63-f0a2-4024-a4b8-16ac1a8ff1ed','0000-00-00 00:00:00','2015-08-25 07:11:57'),(136,5,'2 низких вешалки-стойки (егор и славик)  ','1e942ccf-4983-4003-a913-76d373d4fa4c','0000-00-00 00:00:00','2015-08-25 07:11:50'),(137,5,'2 стойки для журналов  ','1ca0c17b-5388-44b2-83ae-620d7e7d1bde','0000-00-00 00:00:00','2015-08-25 07:11:44'),(138,5,'тренажер? (после аккредитации) - другой кабинет!','72680be7-a959-415e-9804-56343772ae13','0000-00-00 00:00:00','2015-08-25 07:11:39'),(139,5,'сделать опросник для врачей по качеству работы медсестер','9f70ae38-e25d-4d7b-856d-54ae79bb623f','0000-00-00 00:00:00','0000-00-00 00:00:00'),(141,5,'Бальная система для определения бонусов и штрафов по итогам месяца:\n- если нет минусов, то +10% к зарплате;\n- если до 3 минусов - обнуляем и просто зарплата;\n- если больше 3 минусов, то -1% от зарплаты за каждый минус.\n\nМинус снять нельзя! За мелочь сначала предупреждение, второе замечание за день - минус. Система работает по принципу \"добрый царь\" - кого хочу, того и минусую :)  ','06fc3eec-3be7-40ca-9f06-c4f3f903f8f4','0000-00-00 00:00:00','2015-08-25 07:18:19'),(142,5,'\"Суперпапка\" для пациентов при первом визите','bf2a1cfe-6b56-40b5-a210-c9cbb6394eec','0000-00-00 00:00:00','0000-00-00 00:00:00'),(143,5,'расчет стоимости лечения','837819ba-871d-40d7-bb03-b27f09f1968f','0000-00-00 00:00:00','0000-00-00 00:00:00'),(144,5,'расписать схему для сан-кур лечения (закрыть вопрос в пятницу)','43134493-907a-4924-a596-9aabe4839591','0000-00-00 00:00:00','0000-00-00 00:00:00'),(145,5,'наладить сотрудничество: лор, рентген и т.д. (Саша что-то делала)','9781c137-b555-439a-ba9e-33ff47626a9c','0000-00-00 00:00:00','2015-06-06 12:24:21'),(146,5,'Сделать персонофицированный реестр спецодежды с планом обновления + резерв','319e22ad-0e12-4d7a-b073-ba21701400ea','0000-00-00 00:00:00','0000-00-00 00:00:00'),(147,5,'лампа у Н.В.	\nподключить телек к УЗИ в суставной\nперекомпилить фильм про ЛФК РАМН','22ffa45f-946e-491b-8a34-130cb1c95e75','0000-00-00 00:00:00','0000-00-00 00:00:00'),(148,5,'Сделаны, надо вычитывать\nОтвет на звонок, Общие правила ведения беседы, Обращение при прозвоне, Дайте поговорить с доктором, Звонок третьего лица и т.д.','e52eb350-bcc7-4d36-b045-9a4a8b9baaec','0000-00-00 00:00:00','0000-00-00 00:00:00'),(149,5,'Провести аттестацию админам и разделить обязанности\nтекущий график, предварительная запись, прозвоны, страховые, электронка (анализы, запись, запросы), расчет пациентов, контроль наличия и проштампованности направлений','9f74fe77-8d16-4758-93dd-93bba2df8768','0000-00-00 00:00:00','0000-00-00 00:00:00'),(150,5,'Предварительная оплата депозита с бонусом - безвозвратно, со конечным сроком','11f8395c-5803-4cb6-8e9b-436f70537b84','0000-00-00 00:00:00','2015-06-06 12:29:05'),(250,5,'Развить направление лечения за рубежом - тоже эндопротезирование, детки','69a9bcdc-c34f-44f1-967c-d4726861a957','2015-06-06 12:29:27','2015-06-06 12:29:27'),(249,5,'Разместить рекламу клиники для врачей в Компендиуме','59f35a61-dbe7-439b-9436-9bb6d7692a50','2015-06-06 12:28:53','2015-06-06 12:28:53'),(248,5,'Скорая помощь, когда нет медсестер - что, где, как...','0561d4b4-35c4-4cec-a5ba-845524d0907b','2015-06-06 12:28:38','2015-06-06 12:28:38'),(247,5,'Электронная очередь','0c9eff60-afdb-407d-b13b-a2b074430eb5','2015-06-06 12:28:14','2015-06-06 12:28:14'),(246,5,'Запрет/ограничение сотрудникам трындеть по мобильному в рабочее время','b982d0ce-81fc-48dd-8972-b3398263cdf1','2015-06-06 12:28:02','2015-06-08 07:19:21'),(245,5,'График сдачи одежды в стирку','819cc087-9516-4737-94d5-f3d2ddd7dffa','2015-06-06 12:27:16','2015-06-06 12:27:16'),(152,5,'Оракал	\nподписи кабинетов (9 штук)\nТОВ \"Ревмоцентр\" на вход\nнаклейки с адресом сайта на машину - 3 шт.\nлоготип на пластике не ресепшен\nуголки потребителя\nкарманы для акций на ресепшене\n2 \"стрелки-указателя\" в арку','0127b2bd-c41a-4780-8db2-9d9de4d3c66c','0000-00-00 00:00:00','0000-00-00 00:00:00'),(153,5,'Разобраться с ответом по электричеству (шо такое ТП и как оно делится, почему остальное делится поровну)','65d5429f-c1ec-4e04-837d-4675d8f2ba60','0000-00-00 00:00:00','0000-00-00 00:00:00'),(306,5,'педиатрия:педиатр/ревматолог/ортопед (упор на опорно-двигательный), узи детям (суставы, сосуды, ОБП), манипуляционная (в/м, в/в, в/с, прививки) в густонаселенном районе + педиатр на выезд + консультация педиатра по телефону/скайпу','ba86e4ee-03bf-46b5-91ce-fa449688d44e','2015-06-23 15:33:25','2015-06-23 15:35:08'),(233,5,'форма регистрации на клинисследования на сайт','82f59bef-d0a1-494c-ac02-4d0ef84ef24a','2015-06-06 12:04:09','2015-06-06 12:04:09'),(156,5,'подготовить тему с оплатой через банк за товары партнеров: ортезы, корсеты, гиалурон','fda311b6-3135-4439-8d90-d8feca687b06','0000-00-00 00:00:00','0000-00-00 00:00:00'),(157,5,'сделать на обратной стороне бланков контекстную инструкцию + схему лечения','5452d4d0-97ef-4245-a42d-ded1c201aed5','0000-00-00 00:00:00','2015-06-06 12:30:14'),(158,5,'напечатать \"квадраты\" для заметок с нашим лого и инфой с одной стороны','5a5b0767-8c3e-418e-a7f6-922212e051f1','0000-00-00 00:00:00','0000-00-00 00:00:00'),(159,5,'067 234-37-89 Дима - civilka.com.ua - ОСАГО','b4d69728-806f-49ed-88bf-02024edb9c60','0000-00-00 00:00:00','0000-00-00 00:00:00'),(161,5,'http://www.arthrolink.com/','73dbaf4a-cafc-4379-8f75-9355db82df51','0000-00-00 00:00:00','0000-00-00 00:00:00'),(162,5,'сделать А4 текст про Бледсо и куда обращаться в случае чего, а с другой стороны на этом листе печатать счета на ортезы','c667e276-7a16-420a-bcd9-a9b6936bebc6','0000-00-00 00:00:00','0000-00-00 00:00:00'),(163,5,'дисконтная карта: заполнение анкеты с разрешением спамить, консультация (сколько?), сумма денег?, отправить 1 человека в клинику\n\nППшникам +5%, которая плюсует ко всем действующим скидкам, если скидки нет на услуге, значит стала 5%','6e38e430-1692-46ab-adfe-5ff8e335c95c','0000-00-00 00:00:00','0000-00-00 00:00:00'),(164,5,'атеросклероз, гипертония, варикозная болезнь нижних конечностей - общая инфа, диета и образ жизни - найти готовые памятки и выдавать с УЗИ по команде Егора \n','399add13-2c53-4296-940a-40d721b6439a','0000-00-00 00:00:00','2015-08-25 07:18:07'),(165,5,'скидка на консультацию 5% при предварительной оплате через банк','022fb10e-79ca-40c9-b187-3c5fe35e1e42','0000-00-00 00:00:00','0000-00-00 00:00:00'),(167,5,'Сделать выборку ключевиков и через http://wordstat.yandex.ru/ выбрать интересные запросы rheumo.info','e2a60ee1-3c53-4f77-b3f8-817b291521e5','0000-00-00 00:00:00','0000-00-00 00:00:00'),(168,5,'система тренивровак TRX - ЛФК','fe2c0789-5c1b-44c7-bb50-5328206eca39','0000-00-00 00:00:00','0000-00-00 00:00:00'),(169,5,'при манипуляциях, если не указано в заключении (пришел в дрйгоу день) выдавать бумажку мол проведено тото, введено тото и т.д. + фиксировать если манипулция не состоялась, т.к. синовит рассосался?','bb80c34a-658f-4df9-8a31-530daebcaf28','0000-00-00 00:00:00','2015-08-25 07:10:36'),(170,5,'код папиной зп карты 1212','a6036124-3732-41e9-b769-b84942197311','0000-00-00 00:00:00','0000-00-00 00:00:00'),(171,5,'В теле человека 239 суставов. ','c12fb67d-4e21-4ebb-a11d-708b6c454f57','0000-00-00 00:00:00','0000-00-00 00:00:00'),(172,5,'иногда бывает случайно удаляю заметки, корзина не помешает :)','0539c0c5-4783-460a-9b11-f04a40ae061b','0000-00-00 00:00:00','0000-00-00 00:00:00'),(173,5,'http://www.mynet.ua/price/\nТариф:\nUnlim Micro +20 Мбит\n– за три месяца: 153 грн., цена месца: 51 грн. \nКод для оплаты: 200597. ','74f586ff-b212-43a5-88ad-e661d17d60b0','0000-00-00 00:00:00','0000-00-00 00:00:00'),(175,5,'международный день врача - первый понедельник октября (01/10)','bed1e9cd-d77e-427f-b211-d7f5810d8465','0000-00-00 00:00:00','0000-00-00 00:00:00'),(177,5,'подобрать картинки-схемы с сосудами для заключения дуплекса сосудов ','367e9a21-0963-4794-9eab-70f8ff4607d8','0000-00-00 00:00:00','0000-00-00 00:00:00'),(178,5,'05/10 ТО шкоды ети','1c4f6eec-c605-4109-8644-8a030671db34','0000-00-00 00:00:00','0000-00-00 00:00:00'),(320,5,'Разделы новой Ревматологии:\n- чем занимаются ревматологи (когда надо обратиться к ревматологу)\n- заболевания (общее тупо списком диагнозов)\n- иммунобиологическая терапия\n- реестр ревматологов Украины\n- мероприятия\n- ревмоблог\n\nРевмо.инфо\n- скорая/первая помощь (описание способов помочь себе до визита)\n- ревмотест\n- заболевания (выкладывать описание или протокол лечения? )\n- препараты\n- клинические исследования (объяснение что это и форма регистрации для пациентов)','c197963f-5d89-4877-a824-3906f11cfbe0','2015-06-29 14:02:30','2015-06-29 14:30:06'),(180,5,'- вызов на дом - сделать форму и слать ее на контактное мыло лаборатории МОЖНО даже после наполнения базы лабораторий, добавить рекламу сервиса в письма','42465eca-e840-42ea-9d42-eb42f02fa245','0000-00-00 00:00:00','2015-06-15 17:04:49'),(181,5,'кардинально обновленный буклет клиники с новыми фотками!!!','855dea7f-71ba-42f6-9604-d5ade591b515','0000-00-00 00:00:00','0000-00-00 00:00:00'),(182,5,'050 355-04-01 Вячеслав (Перун) обслуживание огнетушителей','7ecdb759-b734-4ef0-8973-5e7adb4ba7a9','0000-00-00 00:00:00','0000-00-00 00:00:00'),(183,5,'апгрейднуть Ревмотест http://rheumo.info анализатором РФ, СРБ, АСЛО, Антиццп...','6e0ea1af-36da-4fce-8f1d-54617d8d11e4','0000-00-00 00:00:00','0000-00-00 00:00:00'),(184,5,'мвт 01 | мит 11 физиопроцедуры','9558137e-8c64-4509-8e83-eb1bc7659d01','0000-00-00 00:00:00','0000-00-00 00:00:00'),(185,5,'10/2015 ТО огнетушителей','b57e270e-926d-4ed6-a84d-364b107279ca','0000-00-00 00:00:00','0000-00-00 00:00:00'),(187,5,'050 857 93 54 Юлия Юлаева','f2ca7ac9-2ae7-465d-a8aa-23cb1a592299','0000-00-00 00:00:00','0000-00-00 00:00:00'),(188,5,'вакуумный массажер славику','e8485024-9bcb-4ff1-93fb-e01a13028a90','0000-00-00 00:00:00','0000-00-00 00:00:00'),(189,5,'терминалы привата 0505686691 Дмитрий (Щербаков Сергей Юрьевич)','334b4e9b-84e8-4c9e-8cc0-ace0667fd5a4','0000-00-00 00:00:00','0000-00-00 00:00:00'),(190,5,'зарплатные карточки привата Яна Кожевникова 0637741790','84796169-b78a-493a-8103-6c798cfbceca','0000-00-00 00:00:00','0000-00-00 00:00:00'),(191,5,'сделать инструкцию для персонала по поведению: например не бросать пациента одного. не убегать вперед со словами не спешите и т.д.','ee9a5291-5a29-4973-8fff-15de2c2883a5','0000-00-00 00:00:00','0000-00-00 00:00:00'),(192,5,'235-56-29 Екатерина Ивановна - главбух Выдренко','cb02fb9c-3f8f-464c-bf6e-ff3377e534a4','0000-00-00 00:00:00','0000-00-00 00:00:00'),(193,5,'лекарства по подписке по сниженой цене','b83eb70c-03b9-4c14-ad39-a191acbb9be6','0000-00-00 00:00:00','0000-00-00 00:00:00'),(194,5,'закинуть текст в Ортезы и подумать над листовкой (скрининг ОА полюбасу)','3170a146-9b5c-4eed-ac89-872e120bcd7c','0000-00-00 00:00:00','2015-06-05 11:08:47'),(196,5,'зафигачить артикулар (2 гиалгана, синокром уан, ренехавис) - поменять концепию общую, дизайн в духе лендинг пейдж','9fb6e38f-3e4e-44c6-80fc-063d887963e9','0000-00-00 00:00:00','2015-06-05 12:17:52'),(197,5,'Лева Василяк (д/р 9/12/2011)','284dc932-c8d8-4a06-872b-bb4df49b4bdc','0000-00-00 00:00:00','2015-06-15 16:48:53'),(198,5,'10/12 денрик Юли Ховко','8f9a0f5f-cf28-418b-85af-c89aa8d38d67','0000-00-00 00:00:00','2015-06-15 16:48:02'),(199,5,'095 380-10-72 Лариса Михайловна журнал \"Домашний доктор\"','3dfed301-560d-4558-909c-4dea3a1903c0','0000-00-00 00:00:00','0000-00-00 00:00:00'),(200,5,'прозванивать пациентов после визита, анкета опросник по качеству, чтото еще','dd24c7db-21f5-4d32-b48b-c76aa2a872f0','0000-00-00 00:00:00','0000-00-00 00:00:00'),(201,5,'9 февраля Юля, 13 февраля Лада, 21 февраля Виталик','30b0a08e-c418-4ce6-b170-2db8851f9a3b','0000-00-00 00:00:00','0000-00-00 00:00:00'),(202,5,'отобрать форумы/факи/группы по тематике и принять активное участие в обсуждениях','f0ea38e6-a5e8-4af2-b29a-959a4fc7d196','0000-00-00 00:00:00','0000-00-00 00:00:00'),(203,5,'http://www.seonews.ru/analytics/10-instrumentov-veb-analitiki-na-kotorye-stoit-obratit-vnimanie/\nhttp://www.seonews.ru/analytics/11-besplatnykh-instrumentov-dlya-seo-spetsialistov/\nhttp://www.seonews.ru/analytics/instrumenty-seo-kopiraytera-chast-1/\nhttp://www.seonews.ru/masterclasses/prakticheskoe-primenenie-instrumentov-web-analitiki/\nhttp://www.seonews.ru/analytics/instrumentyi-dlya-monitoringa-beklinkov/\nhttp://www.seonews.ru/analytics/7-instrumentov-dlya-povysheniya-konversii/','39c5af32-361c-4d67-8387-788c36c5db0a','0000-00-00 00:00:00','0000-00-00 00:00:00'),(204,5,'внедрить в прайс заочную консультацию или экспертизу документов','ccc514c8-6555-4ced-a4e2-2bf2f5507a21','0000-00-00 00:00:00','0000-00-00 00:00:00'),(206,5,'сделать \"Консультацию ревматолога\" на дому. Обсудить нюансы.','dc39b124-d543-4751-afd9-19ee91b02c9a','0000-00-00 00:00:00','2015-06-05 11:07:50'),(275,5,'- создать бизнес-план для Ойболита','ad4f44d9-8a12-4430-9cdf-9e94751a6951','2015-06-15 17:02:55','2015-06-15 17:05:09'),(244,5,'Указывать срок годности для назначенных манипуляций','d22c298a-b854-4ed5-8fef-9b8ad8642af4','2015-06-06 12:26:09','2015-06-06 12:26:09'),(277,5,'- полный список лабораторий Киева (собрать сразу на сайте)','8418094b-5d62-4978-b344-7a591fce1d93','2015-06-15 17:05:23','2015-06-15 17:05:23'),(263,5,'найти и добавить нужные для обучения кведы до конца лета','91ec2d91-0209-4aaa-a2e1-de84bc4d57a2','2015-06-12 07:33:10','2015-06-23 06:45:20'),(264,1,'the more todo you keep in the code the more professional you are','b5a3215a-1510-4622-9e7c-c2dc0ae5c590','2015-06-12 12:18:03','2015-06-12 12:18:03'),(266,1,'phpcs','f8972a2a-dc43-4831-88c1-08c4ce196c9e','2015-06-12 20:44:01','2015-06-12 20:44:01'),(267,1,'http://rjv.im/post/78940780589/api-token-authentication-with-laravel-and-sentry','89282c91-b77e-430b-9828-eb05728fb21e','2015-06-14 21:45:24','2015-06-14 21:45:24'),(268,1,'http://lib.ru/ANEKDOTY/FEINMAN/feinman.txt_with-big-pictures.html','ca39728b-dac2-4aa5-9d40-910973501ecf','2015-06-14 21:45:39','2015-06-14 21:45:39'),(269,1,'https://pragprog.com/magazines/2013-01/functional-programming-basics','3dc33fb7-1473-4933-9b29-1d2244edf9ad','2015-06-14 21:54:35','2015-06-14 21:54:35'),(427,5,'лендинг рембра ','bda773f8-435d-4908-9c50-f5eb18c5c5c8','2015-07-22 08:40:54','2015-07-29 12:20:19'),(292,5,'ТОВ \"Кивач\"\neko-kivah@ukr.net\n(044) 360-21-18\nУтилищзация медицинских отходов','f6bbafd5-60fe-47b6-a38c-e8014f71312f','2015-06-18 06:45:22','2015-06-18 06:45:38'),(272,5,'- еще полезная фича для заметок распозновать деньги, а точнее суммы, указанные в заметке. по сути легко вести записи персональных финансов, дата записи кажлой есть, построить лог приход/расход элементарно\n- расшаривание: тупо в настройках тагов, делаешь новый таг с именем любым как тебе удобно #Милыйпупс и пишиешь чье-то мыло (можно добавить все доступные мессендежеры). все посты с таким тагов уходят на почту/мессенджер или вылазят во входящих если это мыло в нашей системе\n\n- почтовый заеб: чтобы система писала мне письма. типа \"сделанное егодня\", \"планы на завтра\". такой се срез данных за день.\n\n- наверное какието таги надо резервировать за системой?\n\n- добавь комменты к заметкам и получай соц сеть','11b817fe-a666-48ec-a4b7-f83219617404','2015-06-15 16:40:04','2015-06-15 16:40:04'),(273,5,'таги: по умолчанию выводить 10 (в настройках тагов можно указать любое количество). В 10ку входят самые частые. Если у выбранного тага более 10 связанных тагов, то аналогично выводятся самые частые и т.д. Обязательно добавить ссылку: Все таги','09284ea0-b9b5-407b-b69a-15156dab36b6','2015-06-15 16:42:53','2015-06-15 16:42:53'),(332,5,'насчет цикличных заметок, у тебя есть в туду фича типа \"выслать на емейл заметки на экране\", считай экспорт. так мона себе заливать в систему заметок контент. Например, это может быть спорт прошграмма кача, диета, любая рутина с майлстоунами\n[17:54:38] Христофор: сюда же прием лекарст по схеме\n[17:54:49] Христофор: т.е. нужна возможноть и экспортировать из системы и импортировать\n[17:54:55] Христофор: по сути это лента заметок с тагами\n[17:55:27] Христофор: но есть много контента которым можно обмениваться - выше упомяныте системы занятий','a3095899-0da5-4914-bae3-45a4167285d4','2015-07-01 14:55:43','2015-07-01 14:55:43'),(280,5,'067 844-88-44 жора скважина','55f1d8e3-6e06-463d-9acb-3278fd442297','2015-06-16 08:01:15','2015-06-16 08:01:15'),(281,5,'кидать алерт \"а ты точно доктор?\" если есть таг \"врачу\"','9175d2d7-5c64-4f42-801e-e8e6fd123100','2015-06-16 09:00:29','2015-06-16 09:00:29'),(282,5,'http://mrj.ima-press.net/index.php/mrj/issue/archive','533e1639-3b1f-447b-af0b-a00535ecda0a','2015-06-16 09:04:29','2015-06-16 09:04:29'),(296,3,'Лсомтвадлитвпдшвтаидшватив','cccd0362-7ce2-4144-bda5-482eacb4f5f8','2015-06-20 09:53:20','2015-06-20 09:53:20'),(284,5,'померять подвал под морозилку 70x70x100','87f6bb10-c70d-4f6a-b3c8-025fd793d3ad','2015-06-16 12:17:12','2015-06-17 06:46:13'),(285,5,'у меня есть 3 статьи на Медицина.уа - Artem <artem@medicina.ua>','c45d3300-6620-4bab-be98-ab828f8b9bb1','2015-06-16 13:12:37','2015-06-17 07:18:01'),(286,1,'http://alanstorm.com/magento_advanced_orm_entity_attribute_value_part_1','69840819-8235-4aae-af47-c6315baaef1b','2015-06-16 13:41:15','2015-06-16 13:41:15'),(288,5,'комплексная программа впаривания фармкомпаний - раскрутка рематологии, школы, учебные мероприятия','34caa610-c2ef-43da-8385-4fdc2440c89b','2015-06-17 08:44:14','2015-08-28 08:20:14'),(289,1,'get all customers who ordered at least one product with brand = \'Adidas\' since 2015\nbrand attribute_code is \'brand\', varchar\n ','0902ad79-af85-4bfe-ad36-82a3e97ba20f','2015-06-17 09:30:05','2015-08-11 18:38:10'),(290,1,'[11:36:02] Dmitry Volik: ты имеешь ввиду вывод предстоящих заметок наверх?\n[11:36:21] Христофор: да111\n[11:36:34] Христофор: считай - функция напоминания\n[11:36:50] Христофор: да и письмо вечером с проебнными задачми должно бордрить\n','9ab841aa-ef67-4a1c-808e-5054abe2cf75','2015-06-17 09:37:34','2015-08-21 22:05:38'),(310,1,'пап как будет \"скоро машина\"? ммм... скоро машина. Неее, швидка допомога','b4176a8e-cb27-43d6-8580-24a968020d8a','2015-06-24 19:39:03','2015-07-17 20:58:50'),(303,5,'мелехина: добавить в план повышения квалификации (2.12) и план медицинских книжек (7.18)','82358730-2977-43ed-9577-14e38eb38efc','2015-06-22 13:04:42','2015-06-22 13:04:42'),(307,6,'Ух ты, новая система говорите?...','43386406-b76f-4f26-bf74-4ebd2c6a292b','2015-06-23 15:44:08','2015-06-23 15:44:08'),(308,6,'Не все так просто :)','f3c4f54e-a790-492f-be5e-0d0735dba936','2015-06-23 15:44:15','2015-06-23 15:44:55'),(309,1,'any difference\n$product->getCreatedAt()\n$product->getCreatedAt\n$product->getData(\'created_at\')','4d26b208-3b74-4547-9bc1-797eaf36ddfa','2015-06-24 15:03:51','2015-06-24 15:03:51'),(340,5,'поправить сайт Школы по ОА','82670360-08da-4a5c-8f8c-ae3a450d22d9','2015-07-03 07:16:45','2015-08-20 08:57:04'),(318,1,'Даша, возьми свои вещи.\n - У меня только сумочка, там должен быть только телефон, ключи и помада','b869d89c-51c7-4869-a826-7811398bc891','2015-06-27 13:31:06','2015-07-17 20:58:43'),(319,1,'! проекты надо делать только так, чтобы учится чемуто а не так чтобы просто сдать. \nто есть клиент платит за твое обучение :) !','a0f0a264-bbc8-42c9-a27e-c4bba9aa8f8f','2015-06-29 08:02:11','2015-07-16 22:04:37'),(333,5,'везде, где есть обращения или жалобы, побочные явления - делать справку типа за такой-то период не было + охрану труда добить положення и прчую муть','30a5281d-1970-46fa-b9a3-7c878a449d11','2015-07-01 16:15:46','2015-07-06 12:36:47'),(328,5,'уплата единого за 2 квартал - фоп\n','fb2ed6a3-21d9-4746-91fb-6243882ebce6','2015-06-30 07:06:04','2015-08-20 08:25:02'),(346,5,'2 наказа и пачку положень по охране труда','d5f85605-8817-4fa1-9a49-a41a70d72e8c','2015-07-04 10:19:21','2015-07-04 10:19:21'),(334,1,'what is your start po2222int when you gonna develop something? (how to test, wireframes, uml?)\n   ','a8f1fca0-fcfd-4f54-b420-eec4f4efbd19','2015-07-02 08:42:23','2015-08-16 20:37:04'),(429,5,'Бланк контроля качества работы м/с для врача\n  ','ba7e2ea4-64f6-4158-adbb-0830b57e0562','2015-07-22 12:36:27','2015-08-20 17:14:09'),(394,5,'096 484-75-14 Саша дрова от Сергея СТО','0f307725-4985-40ec-ac5d-777c1158de68','2015-07-20 06:30:42','2015-07-23 11:00:29'),(344,1,'redis-cli -s /var/run/redis/redis-magento-cache.sock -n 1\ndel done:product_attribute:033137722:Far\nGET done:availability:CH:067164897410\nHKEYS done:availability:CH:067164897410\nkeys failed*\n \n ','3f36a0d4-595c-4750-abbd-50c592ecae6a','2015-07-03 16:54:23','2015-08-21 22:05:17'),(364,5,'сделать рекламу паравертебральных блокада','54d6542e-59b1-4c71-aadb-8b729725b17b','2015-07-16 08:42:12','2015-07-16 08:42:12'),(348,1,'www.startssl.com\n','eb630a35-2865-4cc6-953e-72e51040129f','2015-07-04 11:28:43','2015-07-31 20:03:59'),(431,1,'deerfe sdfsdfsdf','39c4370c-f28b-496b-b445-4826c1c816b1','2015-07-28 22:28:18','2015-07-29 20:50:48'),(380,5,'дал 900 грн Юре Председателю на ремонт','a693650c-b414-4049-a822-64c571915779','2015-07-17 13:50:10','2015-07-17 13:50:10'),(426,1,'Хотите видеть то что завтра? запиньте таг \"завтра\"','41613e61-9c96-4b62-a060-07b4de81fcdc','2015-07-21 12:53:27','2015-07-21 12:53:27'),(368,5,'дал Юре Председателю 850 грн на трансформатор','1ec5c2cb-44e3-4e92-ac40-e15c521989c4','2015-07-16 15:46:57','2015-07-16 15:46:57'),(369,5,'дал Юре Председателю в долг 300 грн 03.07.15','5458c949-92c3-49bc-9421-c486c6a260a3','2015-07-16 15:47:23','2015-07-16 15:47:23'),(370,1,'список тагов в подстановке: вывод ТОП 10, по мере набора подсвечивать из всей базы','664a6007-e2ca-4a76-849a-d94f00d84cac','2015-07-16 22:05:55','2015-07-16 22:05:55'),(371,1,'синхронизация избранного в хроме в обе стороны','8a20f3ad-215d-46da-a873-251782442342','2015-07-16 22:10:33','2015-07-16 22:10:33'),(372,5,'обновить цены на дипроспаны и прочие медикаменты в прайсе (по мере готовности 1с)\n \n \n ','a0746f4d-34c5-41a3-8d10-ab2c7929d427','2015-07-17 10:22:35','2015-08-21 08:37:10'),(434,1,'asdasda','5e7912f4-c794-4446-954b-7ea24e9ca19c','2015-07-28 22:30:06','2015-07-29 20:49:49'),(435,1,'ewwrwe   dddddeeeeeeeeeddddd1231\n   \n \n ','6f2f36cb-8e9e-468c-ad39-49dc7297a57c','2015-07-29 06:29:12','2015-07-29 20:56:45'),(437,5,'зарегать домен рембра  \n','ca9a6c4a-dbd0-41ab-9a05-cdc7c42d7b3e','2015-07-29 13:10:42','2015-08-20 08:24:59'),(438,1,'222111ggggggggd333dddddsome new ndddddddote   wewrer bbb    dfgdfg\n \n \n \n \n \n','ffd83f0c-4370-41ca-800f-14e51506524b','2015-07-29 20:38:13','2015-08-22 20:41:42'),(428,5,'дофоткать: гнилорыбов, карпович + двор + постановочные (стационар, массаж - несколько)\n  ','ee01ab8b-51c8-43d7-a07f-64dd02801fc4','2015-07-22 09:51:30','2015-07-29 07:32:57'),(439,5,'http://phenix.kiev.ua/product/cooper-hunter-s09lhrp/ установка 1100  \n \n','d2c1018c-85d5-443c-ba8a-585aef08164c','2015-07-30 10:48:37','2015-08-20 08:24:58'),(440,1,'http://habrahabr.ru/post/143620/ \n','7e46bb95-7be6-4059-ae6f-a0e63a225360','2015-07-30 21:32:34','2015-07-31 20:02:28'),(441,1,'sdfs dfsdfg  dfgd                  erg efgdfgdfgdf   gdf gdfg df dfg dfgdf fdfgdf  fsdf dfg df  d    http://getjump.me/ru-php-the-right-way/ \n','d6e0f578-ee19-457e-904e-c2f1cd15b202','2015-07-30 21:32:46','2015-07-31 20:02:18'),(442,1,'я начал подозревать ','3d51d1c4-a35f-449d-b880-7fbb24622cb2','2015-08-03 09:12:07','2015-08-03 09:12:07'),(443,1,'asdasddd ssssssss\n       !','4dfcf153-57c8-4b08-840b-433c37ac9b41','2015-08-03 22:20:52','2015-08-03 22:24:29'),(444,5,'Юра Председатель 1000 грн в долг 31/08/15 ','bbf2fef9-cbc0-4388-be99-8b2c214c5d9d','2015-08-04 06:52:05','2015-08-04 06:52:05'),(445,1,'https://www.digitalocean.com/community/tutorials/initial-server-setup-with-ubuntu-14-04 ','81a1149b-7763-45b3-9c34-07409bfeb9a0','2015-08-04 16:11:45','2015-08-04 16:11:45'),(446,1,'sudo ibus restart ','b7f6fecf-dd28-46c2-a98c-e3f1276e3205','2015-08-06 07:33:19','2015-08-06 07:33:19'),(447,1,'fixed order manully (via Billpay API), refunded offline, marked order as done in synclog\n \n ','d0ad1871-8de1-443b-8dfe-c035231ff558','2015-08-06 15:03:48','2015-08-22 20:38:27'),(448,1,'select * from voegele_catalogsync_orderitemslog where order_item_id IN(select item_id from sales_flat_order_item where order_id=103083);\n\nupdate voegele_catalogsync_orderitemslog set state=\'done\' where order_item_id IN(select item_id from sales_flat_order_item where order_id=103083);\n\n \n ','9bd49c60-4946-4a92-995f-d5e2f4051452','2015-08-06 15:06:45','2015-08-21 20:36:45'),(449,5,'добавить матиязук в СВ 489 25.04.2002  \n','4a4db646-98f0-4aaf-b351-6b90bcc7fbab','2015-08-07 08:17:55','2015-08-20 08:24:38'),(450,5,'добавить в прайс \"Наложение эластичного бинта\"  ','04d07287-f374-413e-b22d-ba201eedc427','2015-08-07 08:18:10','2015-08-25 07:51:34'),(451,1,'how magento handles exceptions? when it print them, when logs, when report\n ','71cd5225-7d80-427d-9e20-a8951e662669','2015-08-07 11:57:57','2015-08-07 11:57:57'),(452,5,'http://estet-portal.com/articles/krasota-i-zdorove/chudesa-kotorye-planka-sotvorit-s-vashim-telom  ','23c82996-db76-4947-b08f-4e03b5159b75','2015-08-10 06:48:00','2015-08-10 06:48:34'),(453,1,'http://habrahabr.ru/post/111195/\nhttp://habrahabr.ru/post/103174/\nhttp://blog.bigbinary.com/2010/02/15/how-jquery-selects-elements-using-sizzle.html\n\n\n\n\n\n\n','89a55ba2-a550-4913-b08c-6ebb71db3929','2015-08-11 08:33:16','2015-08-19 07:09:28'),(454,1,'not my own, compilation, was always interested am I right? too late of blacksocks I saw a code there\n not everything is true = many browsers many jquery versions\n \n \n ','55af6aeb-13e0-4d24-a282-c51ca1a4a628','2015-08-11 11:35:58','2015-08-18 18:39:26'),(455,1,'пнуть дмитри 07/22','3e20e5e1-0eb3-4c6d-a325-9a3724428753','2015-08-11 21:13:11','2015-08-19 22:19:49'),(456,1,'пнуть дмитри 07/22','eb92c14f-5bc1-4172-b16e-feb9bf73c73a','2015-08-11 21:13:55','2015-08-19 22:19:48'),(457,1,'http://habrahabr.ru/company/piter/blog/264517/\n','513c2098-d94c-4dfe-9c09-b4dfe18a6e80','2015-08-12 09:58:15','2015-08-12 09:58:15'),(458,1,'http://habrahabr.ru/post/264487/\n    ','749ba652-9920-43cc-b2db-336fe4a538f1','2015-08-12 10:01:19','2015-08-22 20:39:51'),(459,1,'http://habrahabr.ru/company/databoom/blog/264485/\n \n \n  ','61cf51ae-fe39-4ad3-98e1-25f86d0c4afb','2015-08-12 10:05:09','2015-08-23 16:19:33'),(460,5,'собрать единый реестр сотрудников с отметками про отпуски, личные данные   ','c28a0a34-1b4f-460c-a097-ceb998507fcd','2015-08-13 10:13:24','2015-08-13 10:13:24'),(461,5,'собрать все превьюхи Ильина + залить на сайт новые фотки  \n   ','8e3b5924-af1f-4472-a9f0-fc03559c81ab','2015-08-13 10:27:20','2015-08-17 07:47:41'),(462,1,'Дж. Е. Гордон, «Конструкции, или почему не ломаются вещи»\nДжон Кларк, «Зажигание Неформальная история жидких ракетных видов топлива»\nНик Бостром, «Суперинтеллект: пути, угрозы, стратегии»\nПитер Тиль, «От нуля к единице. Как создать стартап, который изменит будущее»\nЭрик М. Конвей и Наоми Орескес, «Продавцы сомнений»\n\n\n\n','d5ebbe53-ba04-4a3e-923e-e3af68f2325d','2015-08-13 19:20:44','2015-08-20 20:31:34'),(463,1,'asdasdasd','a7ed0cd7-f832-442a-8c95-6e2ab956e630','2015-08-13 20:47:16','2015-08-19 22:19:45'),(464,5,'http://csomega.com/ru/product/characteristics/printer-pechati-chekov-uns-tp51-02.html  ','5ccfaccd-8b55-4e03-808a-1ce31d3fa7b7','2015-08-14 10:30:41','2015-08-14 10:30:41'),(465,1,'http://www.google.ch/design/spec/components/lists-controls.html\n','6f0d7fc3-8132-4c95-9e1e-c47eaed6c239','2015-08-14 11:42:04','2015-08-14 11:42:04'),(466,5,'http://www.iso.org/iso/home/store/catalogue_tc/catalogue_detail.htm?csnumber=57757\nhttps://www.iso.org/obp/ui/#iso:std:iso-hl7:10781:ed-2:v1:en\n ','7a639d8a-131f-40b5-bf61-dd535102f64f','2015-08-14 11:59:36','2015-08-14 11:59:36'),(467,1,'пнуть дмитри 07/22','f0da6a3c-d588-4196-9c0a-3bfeebe37019','2015-08-15 12:49:53','2015-08-19 22:17:30'),(468,1,'пнуть дмитри 07/22','bfbbef41-7e4c-42aa-965e-423ce6f8bb71','2015-08-15 12:56:23','2015-08-19 22:19:37'),(469,1,'пнуть дмитри 07/22\n  ','60f82e3b-ddc2-466d-a564-0ed150b1c2db','2015-08-15 12:57:00','2015-08-19 22:02:37'),(470,1,'пнуть дмитри 07/22     цуцу\n  ','be0f8f1e-51d6-4e90-8da5-144ab6e419ac','2015-08-15 12:57:41','2015-08-19 22:03:32'),(471,1,'пнуть дмитри 07/22','b319ed23-00a5-4aa2-a83b-482fd1b0b49e','2015-08-15 12:58:34','2015-08-19 22:03:28'),(472,5,'http://www.1c-systems.com.ua/contacts.php  ','33ac1b70-96df-40da-98f8-c5baeb511fde','2015-08-17 07:19:34','2015-08-20 17:13:47'),(473,5,'было бы круто ЧПУ заиметь в плане:\nhttp://rembr.us/клиника/сегодня\n[11:36:27] Христофор: ну таги в ЧПУ выбранные\n[11:36:35] Христофор: или хот линк )\n[11:36:54] Христофор: если я знаю чо мне нуна я сразу с адресу отбор сделаю\n','2c290499-f41e-4d79-8f8b-01cd11f39927','2015-08-17 08:37:48','2015-08-17 08:37:48'),(474,5,'доделать стандарт по гиалуронке в письменном виде и довести до врачей \n ','75fb78b5-660c-4384-a356-1315127f887a','2015-08-17 10:07:13','2015-08-17 10:07:13'),(475,5,'запустить экспертную оценку работы м/с с 01/09/15        ','15a146ce-34f2-4278-8897-3a69c58ed330','2015-08-17 10:26:28','2015-09-03 07:44:14'),(476,1,'1. ufgdivo@azh-ras0m #> scp osw-le00:/home/ufgdivo/output.txt .\n2. dmitro@DMITRO:~/src/voegele/tools$ scp aspectra-zh:output.txt .\n \n ','7552e8d0-ac7f-4396-8b51-fb5df266643b','2015-08-18 08:20:05','2015-08-21 20:35:27'),(477,1,'https://www.youtube.com/watch?v=4lZg6Di1Hjk\n','383881e6-1beb-46e4-89ed-de5d6ca44dbd','2015-08-19 13:32:39','2015-08-19 13:32:39'),(478,1,'написать учисто про недочеты сделано\n\n\n\n \n\n\n\n\n\n\n\n\n\n\n\n\n\n\n\n','ff41b3cc-687e-45d9-8df0-621e6cd77315','2015-08-19 14:02:41','2015-08-21 20:35:11'),(479,5,'пнуть Омегу какого хера не выделяется анализы с отклонением от нормы  ','3d01744a-9276-41b8-b686-0e66935982ad','2015-08-19 15:19:24','2015-08-25 07:04:01'),(480,5,'добавить в КИ-анкеты для пациентов блок про согласие на обработку персональных данных   ','db49be62-b05c-4bf6-921e-a2f18ab0b9f0','2015-08-20 08:24:32','2015-08-28 09:58:53'),(481,5,'сделать новый прайс на анализы + 1с  \n ','a8a5b86e-5d49-46b8-9fd1-710606a3540e','2015-08-20 09:32:11','2015-08-25 07:03:58'),(482,5,'приказ по организации отдела клинических исследований + положение + журнал пациентов КИ   ','45f0938b-bd93-4310-8ec9-50f4238e120f','2015-08-20 10:11:23','2015-08-20 10:11:23'),(483,5,'еврофлаер опросник-допуск на массаж + рассказ о массаже + самомассаж, массажа и ЛФК\n  ','b6c316d4-cf30-4dc9-905a-e7a6e71eb601','2015-08-20 10:14:40','2015-08-20 10:16:21'),(484,5,'дока по телемедицине   ','630cde9b-1141-4c85-8708-6567565de492','2015-08-20 10:58:55','2015-08-20 10:58:55'),(485,5,'пульнуть в ФБ поздравление с днем независимости и написать что выходной + на сайте    \n   ','0355a496-1f66-40cf-95da-415be30fdcd2','2015-08-20 15:51:46','2015-08-21 08:36:57'),(486,5,'пропиарить анализ синовиалки в фейсбуке клиники + ссылка на словарик на сайте клиники\n  ','cf015895-40e1-4cff-a69a-90c0211e72ad','2015-08-20 17:15:18','2015-08-20 17:27:31'),(487,5,'попинать бухгалтера прайсом в 1с     ','1120911e-0386-4301-9e7e-a82c31af175a','2015-08-21 08:37:32','2015-08-31 07:58:13'),(488,1,'handleEdit: function () {\n            this.handledChange = false;\n            var editField = this.refs.editField.getDOMNode();\n            this.props.onEdit(function () {\n\n            }, editField);\n        },','37780963-8d11-4f89-8ce3-fbb886d646b4','2015-08-22 20:24:24','2015-08-22 20:24:24'),(489,1,'https://vesselinv.com/lemp-with-vagrant/\n','b7e9fdeb-43d0-4392-9a29-bd86edee6e61','2015-08-23 20:33:36','2015-08-23 20:33:36'),(490,1,'фикс бд, пересмотр серверной части\n     ','e382ee07-aa49-4a18-ae21-37e30963d602','2015-08-23 20:50:59','2015-08-23 20:51:49'),(491,1,'убрать зависимость тагов автоподстановки и тагов справа\n ','5b12bc20-4b9d-4c18-99e8-0822b5c697ff','2015-08-23 21:02:02','2015-08-23 21:02:02'),(492,1,'пин отдельных заметок. \nфильтр \"pinned\": выведет запиненные заметки + заметки по запиненным тагам\n ','8db038d0-5d94-4091-a006-dc28f46eef45','2015-08-23 21:03:51','2015-08-23 21:03:51'),(493,1,'доделать удаление с корзиной (подгружать еще если удалили все из списка)\n  ','cc4873f0-1084-4304-a0b2-657f6d239950','2015-08-23 21:04:19','2015-08-23 21:06:09'),(494,1,'пересмотреть гугл и фб авторизацию все ли там ок. Логаут. \n ','61e60581-1fbf-4f77-9a5b-875211396080','2015-08-23 21:05:08','2015-08-23 21:05:08'),(495,1,'действия со списком: как текст, удалить, запинить, расшарить\n ','8d1c046e-c2e1-44b3-9201-cb5b33de66e8','2015-08-23 21:07:59','2015-08-23 21:07:59'),(496,1,'поиск\n ','50b69a29-c451-49d0-b660-a21fbe8ac932','2015-08-23 21:08:25','2015-08-23 21:08:25'),(497,5,'пополнить гуглорекламу   ','64e2253f-c874-4ef7-8049-5d4e7a4d2b9e','2015-08-24 12:42:20','2015-08-25 06:40:20'),(498,5,'внести папины правки и напечатать ему крупным планом 3-5 копий  ','7c207f69-ee78-4ee3-a2bc-7a280f030b8f','2015-08-24 15:04:11','2015-08-25 13:35:04'),(499,5,'тренажер http://trenager.com.ua/goods_stingrey_022_Life_Gear.htm  ','7735978e-b1b5-44db-a9ae-8007734a02d7','2015-08-25 06:56:11','2015-08-25 06:56:11'),(500,5,'добить лендинг ','777b3ebe-9b8b-47d8-a19e-9bbcac01a2de','2015-08-25 07:14:41','2015-08-25 07:14:41'),(501,5,'написать минимальный хелп по юзанию ','278da5ca-db15-4ebf-b214-5d18571bf3e3','2015-08-25 07:14:54','2015-08-25 07:14:54'),(502,5,'поправить хедер ','0ee427f7-3a01-4d3d-9f5d-8a48bb2eec01','2015-08-25 07:15:08','2015-08-25 07:15:08'),(503,1,'украинская символика\n','e1d8b858-b89b-4ac9-90f4-f56da6d8f46d','2015-08-25 10:56:29','2015-08-25 10:56:29'),(504,1,'history API\n ','824d0e43-e48f-4de7-8e17-18fe54b535ab','2015-08-25 19:24:32','2015-08-25 19:24:32'),(505,1,'закончить даты\n ','4ec04c38-d76b-4462-969f-194d6fb274de','2015-08-25 19:24:44','2015-08-25 19:24:44'),(506,1,'cvxcxv\n ','dd663b6a-dbf0-4708-8d57-acbca7b8bf6c','2015-08-25 19:33:22','2015-08-25 19:33:31'),(507,5,'сказать на собрании об экономии света из-за сильного повышения тарифов     ','15d933da-c26a-47f2-a282-89f9c9bbe3db','2015-08-28 06:51:07','2015-08-31 07:58:05'),(508,5,'скинуть диме программу конференций для ревматологов  ','795ed308-0c0b-4cf0-95be-d159d1695715','2015-08-28 11:07:26','2015-09-03 14:29:40'),(509,1,'заказать хаф-прайс\n','cb95541c-911a-4da4-900d-9e354a0850e8','2015-08-30 21:03:13','2015-08-30 21:03:13'),(510,1,'заказать юбс девайс\n','a2eb720e-6bf0-45b0-8507-26fb9de4ff68','2015-08-30 21:03:35','2015-08-30 21:03:35'),(511,1,'взять контракт на квартиру  ','826a514c-3cfe-4f6e-acb6-72c4c0b72b93','2015-08-31 08:37:03','2015-09-02 07:12:29'),(512,1,'подарок маме ','bb57cc0b-11ae-49f8-bc88-b04b090f5194','2015-08-31 08:37:12','2015-08-31 08:37:12'),(513,5,'обувь Сабо 280 грн (предложение в напариваниях) халаты 250-280 грн    ','a1cb743f-5755-4946-9a1b-73f46e6be44d','2015-08-31 10:13:09','2015-08-31 10:13:09'),(514,5,'поменять инфо на емейл и заказать -20%   ','1e90d2cd-2905-47f7-b42f-812a08fb7ae6','2015-08-31 12:23:32','2015-09-03 07:33:43'),(515,5,'сделать расширеную форму отзыва на сайте   ','378e6b79-06ae-4616-a473-95eb6e68d621','2015-08-31 13:58:07','2015-08-31 13:58:07'),(516,1,'paypal demo ','5fc21d40-dff4-407d-ba09-aeafc98c1556','2015-09-01 15:37:46','2015-09-02 19:51:33'),(517,5,'внедрить в практику скидку за счет доктора (например 10%?). доктор может попросить сделать эту скидку сам или она автоматически применяется, если пациент ожидал по вине доктора более 10 минут (опоздал, задуплил и т.д.)     ','35a06cbc-c98f-49df-8302-663eee94f992','2015-09-03 07:43:17','2015-09-03 07:56:38'),(518,5,'отобрать Сереге фотки   ','036f9d1f-9226-4a9b-a798-b79be8818b0c','2015-09-03 14:33:02','2015-09-03 14:33:02');
/*!40000 ALTER TABLE `note` ENABLE KEYS */;
UNLOCK TABLES;

--
-- Table structure for table `note_dates`
--

DROP TABLE IF EXISTS `note_dates`;
/*!40101 SET @saved_cs_client     = @@character_set_client */;
/*!40101 SET character_set_client = utf8 */;
CREATE TABLE `note_dates` (
  `date_id` int(10) unsigned NOT NULL AUTO_INCREMENT,
  `note_id` int(10) unsigned NOT NULL,
  `moment` datetime NOT NULL,
  PRIMARY KEY (`date_id`)
) ENGINE=InnoDB AUTO_INCREMENT=61 DEFAULT CHARSET=utf8;
/*!40101 SET character_set_client = @saved_cs_client */;

--
-- Dumping data for table `note_dates`
--

LOCK TABLES `note_dates` WRITE;
/*!40000 ALTER TABLE `note_dates` DISABLE KEYS */;
INSERT INTO `note_dates` VALUES (1,392,'2015-07-19 12:00:00'),(2,393,'2015-07-19 12:00:00'),(3,395,'2015-07-19 12:00:00'),(4,396,'2015-07-21 12:00:00'),(5,401,'2015-07-24 12:00:00'),(6,402,'2015-07-24 12:00:00'),(7,403,'2015-07-23 12:00:00'),(8,404,'2015-07-22 12:00:00'),(9,405,'2015-07-22 12:00:00'),(10,406,'2015-07-22 12:00:00'),(11,407,'2015-07-23 12:00:00'),(12,408,'2015-07-22 12:00:00'),(13,409,'2015-07-22 12:00:00'),(14,410,'2015-08-22 12:00:00'),(15,411,'2015-08-28 12:00:00'),(16,412,'2015-08-28 12:00:00'),(17,413,'2015-08-28 12:00:00'),(18,414,'2015-08-28 12:00:00'),(19,415,'2015-08-28 12:00:00'),(20,416,'2015-08-28 12:00:00'),(21,417,'2015-07-28 12:00:00'),(22,418,'2015-07-28 12:00:00'),(23,419,'2015-07-28 12:00:00'),(24,420,'2015-07-28 12:00:00'),(25,421,'2015-07-28 12:00:00'),(27,423,'2015-07-20 12:00:00'),(28,423,'2015-07-28 12:00:00'),(29,424,'2015-07-20 12:00:00'),(30,424,'2015-07-22 12:00:00'),(32,426,'2015-07-23 12:00:00'),(33,426,'2015-07-21 12:00:00'),(34,426,'2015-07-21 12:00:00'),(38,425,'2015-01-08 12:00:00'),(41,422,'2015-07-22 12:00:00'),(42,444,'2015-01-08 12:00:00'),(44,455,'2015-08-10 12:00:00'),(45,455,'2015-07-22 12:00:00'),(46,456,'2015-08-10 12:00:00'),(47,456,'2015-07-22 12:00:00'),(48,467,'2015-07-22 12:00:00'),(49,468,'2015-07-22 12:00:00'),(52,471,'2015-07-22 12:00:00'),(53,469,'2015-07-22 12:00:00'),(54,449,'2002-05-04 12:00:00'),(57,470,'2015-07-22 12:00:00'),(58,229,'2015-08-09 12:00:00'),(59,475,'2015-01-09 12:00:00'),(60,513,'2015-08-31 02:50:00');
/*!40000 ALTER TABLE `note_dates` ENABLE KEYS */;
UNLOCK TABLES;

--
-- Table structure for table `note_tag`
--

DROP TABLE IF EXISTS `note_tag`;
/*!40101 SET @saved_cs_client     = @@character_set_client */;
/*!40101 SET character_set_client = utf8 */;
CREATE TABLE `note_tag` (
  `note_id` int(11) NOT NULL,
  `tag_id` int(11) NOT NULL,
  KEY `note_id` (`note_id`),
  KEY `tag_id` (`tag_id`)
) ENGINE=MyISAM DEFAULT CHARSET=utf8;
/*!40101 SET character_set_client = @saved_cs_client */;

--
-- Dumping data for table `note_tag`
--

LOCK TABLES `note_tag` WRITE;
/*!40000 ALTER TABLE `note_tag` DISABLE KEYS */;
INSERT INTO `note_tag` VALUES (518,63),(508,235),(479,64),(517,111),(257,107),(240,30),(394,30),(232,129),(232,74),(475,235),(233,74),(511,248),(239,30),(517,84),(234,107),(517,63),(135,88),(514,235),(334,126),(303,69),(479,63),(286,136),(285,90),(136,88),(269,136),(516,233),(245,102),(478,232),(45,23),(45,24),(46,24),(511,233),(516,250),(268,136),(477,144),(515,95),(137,88),(451,125),(259,94),(515,64),(53,25),(53,26),(54,25),(54,27),(503,245),(209,119),(213,126),(515,63),(213,125),(476,231),(436,90),(310,144),(476,135),(250,84),(514,71),(267,136),(443,38),(73,38),(443,40),(443,134),(442,213),(75,38),(76,40),(76,41),(249,90),(237,114),(435,210),(266,135),(514,64),(514,63),(247,84),(513,244),(513,253),(92,66),(513,252),(93,66),(513,251),(94,66),(95,30),(280,30),(513,130),(513,88),(513,63),(448,215),(448,135),(447,215),(447,135),(101,79),(511,250),(435,118),(102,79),(512,249),(103,79),(103,83),(104,79),(507,71),(104,84),(105,79),(105,83),(106,79),(507,246),(107,79),(507,63),(107,84),(280,68),(281,74),(446,214),(506,233),(473,227),(506,118),(112,84),(113,87),(114,84),(506,40),(475,230),(505,238),(264,134),(505,139),(117,90),(504,238),(504,139),(487,235),(498,235),(502,227),(120,95),(501,227),(121,95),(500,227),(122,95),(101,63),(123,95),(101,64),(124,95),(131,88),(125,95),(209,118),(445,136),(127,97),(128,97),(264,126),(129,74),(133,88),(264,133),(130,98),(134,88),(475,229),(229,244),(475,228),(229,243),(475,64),(229,242),(475,63),(229,63),(507,235),(230,235),(474,64),(239,235),(474,63),(240,235),(115,223),(479,235),(139,84),(481,235),(499,88),(499,63),(450,235),(497,235),(142,84),(510,247),(509,247),(487,79),(244,131),(498,241),(146,102),(147,93),(498,71),(498,64),(497,64),(497,71),(497,63),(150,84),(444,158),(157,131),(496,238),(259,129),(496,139),(495,238),(309,125),(306,143),(495,139),(438,38),(494,238),(494,139),(493,238),(157,84),(493,139),(158,107),(159,30),(282,138),(161,97),(492,238),(263,79),(162,108),(450,77),(492,139),(141,84),(164,84),(282,74),(167,74),(167,75),(226,107),(491,238),(491,139),(222,127),(292,30),(490,240),(171,90),(443,125),(173,110),(490,238),(138,235),(490,139),(175,66),(489,237),(145,84),(487,64),(177,84),(178,112),(129,89),(180,94),(487,63),(181,107),(372,235),(182,30),(183,74),(485,235),(486,64),(486,90),(276,94),(486,63),(187,30),(425,235),(188,84),(189,30),(429,235),(189,84),(472,235),(190,30),(485,71),(191,84),(485,64),(192,30),(485,95),(193,84),(485,63),(221,74),(333,69),(508,130),(277,94),(275,94),(198,30),(484,64),(199,30),(484,63),(200,84),(257,235),(508,63),(202,90),(203,113),(203,114),(254,30),(483,236),(483,107),(443,119),(291,139),(225,235),(441,136),(73,38),(440,136),(73,38),(483,63),(328,223),(482,234),(482,64),(132,223),(480,235),(428,128),(482,63),(481,64),(481,63),(115,235),(132,235),(288,235),(328,235),(289,125),(289,126),(290,139),(338,235),(372,71),(339,148),(339,136),(309,126),(430,235),(437,235),(372,63),(318,144),(318,145),(310,145),(319,146),(319,147),(129,89),(320,74),(439,223),(439,235),(334,146),(344,135),(344,150),(449,235),(380,158),(480,234),(346,69),(449,226),(348,139),(368,158),(369,158),(437,223),(426,208),(426,207),(370,139),(371,139),(480,64),(449,225),(426,199),(426,198),(426,139),(425,206),(425,211),(480,63),(455,233),(424,203),(449,224),(424,200),(424,199),(424,198),(423,202),(423,201),(423,200),(423,199),(423,198),(451,126),(449,223),(452,216),(453,135),(454,135),(454,217),(457,136),(458,125),(458,146),(458,218),(459,146),(459,219),(456,233),(463,233),(460,79),(468,233),(469,233),(462,136),(470,233),(430,223),(465,139),(471,233),(466,111),(467,220),(467,221),(467,222),(468,220),(468,221),(468,222),(469,220),(469,221),(469,222),(470,220),(470,221),(470,222),(471,220),(471,221),(471,222),(334,40),(338,223),(472,79),(461,128),(518,64),(518,71);
/*!40000 ALTER TABLE `note_tag` ENABLE KEYS */;
UNLOCK TABLES;

--
-- Table structure for table `note_tagold`
--

DROP TABLE IF EXISTS `note_tagold`;
/*!40101 SET @saved_cs_client     = @@character_set_client */;
/*!40101 SET character_set_client = utf8 */;
CREATE TABLE `note_tagold` (
  `note_id` int(11) NOT NULL,
  `tag_id` int(11) NOT NULL,
  KEY `note_id` (`note_id`),
  KEY `tag_id` (`tag_id`)
) ENGINE=InnoDB DEFAULT CHARSET=utf8;
/*!40101 SET character_set_client = @saved_cs_client */;

--
-- Dumping data for table `note_tagold`
--

LOCK TABLES `note_tagold` WRITE;
/*!40000 ALTER TABLE `note_tagold` DISABLE KEYS */;
INSERT INTO `note_tagold` VALUES (8,9),(7,9),(9,9),(10,10),(11,10),(12,9),(13,9),(20,12),(20,15),(21,12),(21,15),(22,16),(22,17),(44,27),(47,27),(48,27),(50,27),(57,28),(57,32),(60,28),(60,12),(61,28),(61,12),(61,33),(62,27),(63,27),(65,27),(75,12),(75,33),(82,36),(83,37),(85,38),(86,33),(58,28),(58,12),(58,33),(96,12),(96,39),(97,12),(97,22),(73,12),(73,13),(108,12),(108,41),(112,39),(112,12),(127,12),(127,46),(128,12),(128,46),(129,12),(129,46),(130,12),(130,46),(131,12),(131,46),(134,48),(137,12),(137,22),(137,49),(140,12),(140,39),(141,12),(141,39),(142,12),(142,39),(143,12),(143,39),(144,12),(144,39),(145,12),(145,39),(146,12),(146,39),(147,12),(147,39),(150,12),(150,50),(154,12),(154,33),(158,43),(160,43),(59,28),(59,32),(161,12),(161,52),(162,12),(162,53),(163,44),(166,12),(166,13),(167,12),(167,13),(168,12),(168,33),(169,12),(169,33),(170,12),(170,13),(171,12),(171,13),(172,12),(172,39),(177,12),(177,18),(132,12),(132,46),(189,56),(196,12),(196,33),(198,12),(198,59),(199,16),(201,27),(203,48),(205,60),(207,12),(207,13),(207,61),(215,12),(215,26),(217,26),(221,27),(133,12),(133,46),(223,22),(223,12),(234,17),(238,12),(238,41),(118,12),(118,22),(246,27),(56,28),(56,12),(211,26),(252,63),(253,63),(254,64),(257,65),(258,66),(258,67),(260,66),(259,66),(261,66),(264,69),(265,66),(267,66),(180,12),(180,22),(272,70),(273,70),(274,67),(274,66),(278,12),(278,15),(287,73),(291,23),(293,45),(282,12),(282,52),(300,12),(300,16),(303,23),(310,74),(310,8),(310,1),(311,74),(311,8),(311,1),(312,12),(312,22),(314,12),(315,45),(316,12),(316,16),(283,12),(283,33),(299,12),(299,59),(324,12),(324,33),(334,66),(335,66),(336,75),(337,16),(337,12),(337,33),(338,12),(338,16),(339,12),(339,33),(262,12),(262,33),(341,12),(341,16),(342,12),(342,33),(343,12),(343,20),(148,12),(148,33),(345,20),(350,17),(352,17),(352,16),(136,23),(231,12),(231,20),(222,23),(222,24),(152,12),(152,26),(371,66),(372,12),(372,16),(373,12),(373,33),(380,12),(380,41),(381,76),(381,77),(379,17),(383,22),(383,12),(383,13),(348,20),(385,20),(385,22),(41,12),(41,22),(41,20),(53,28),(53,12),(53,20),(135,48),(135,13),(19,12),(19,15),(384,20);
/*!40000 ALTER TABLE `note_tagold` ENABLE KEYS */;
UNLOCK TABLES;

--
-- Table structure for table `noteold`
--

DROP TABLE IF EXISTS `noteold`;
/*!40101 SET @saved_cs_client     = @@character_set_client */;
/*!40101 SET character_set_client = utf8 */;
CREATE TABLE `noteold` (
  `note_id` int(11) NOT NULL AUTO_INCREMENT,
  `user_id` int(11) NOT NULL,
  `text` text CHARACTER SET utf8mb4 NOT NULL,
  `tags_string` varchar(255) NOT NULL,
  `created_at` datetime NOT NULL,
  `updated_at` datetime NOT NULL,
  PRIMARY KEY (`note_id`),
  KEY `updated_at` (`updated_at`)
) ENGINE=InnoDB AUTO_INCREMENT=386 DEFAULT CHARSET=utf8;
/*!40101 SET character_set_client = @saved_cs_client */;

--
-- Dumping data for table `noteold`
--

LOCK TABLES `noteold` WRITE;
/*!40000 ALTER TABLE `noteold` DISABLE KEYS */;
INSERT INTO `noteold` VALUES (7,7,'http://bfit.kiev.ua/water.php\nhttp://www.planetasport.org.ua/planetasport_osokorki','асап','0000-00-00 00:00:00','0000-00-00 00:00:00'),(8,7,'наточить ножи','асап','0000-00-00 00:00:00','0000-00-00 00:00:00'),(9,7,'подстрисься','асап','0000-00-00 00:00:00','0000-00-00 00:00:00'),(10,7,'принт из фоток на стену','по возможности','0000-00-00 00:00:00','0000-00-00 00:00:00'),(11,7,'наклейка на авто \nhttp://avtomagija.ua/wp-content/uploads/2014/03/%D0%92%D1%8B%D1%88%D0%B8%D0%B2%D0%B0%D0%BD%D0%BA%D0%B0.jpg','по возможности','0000-00-00 00:00:00','0000-00-00 00:00:00'),(12,7,'позвонить в банк по поводу машины','асап','0000-00-00 00:00:00','0000-00-00 00:00:00'),(13,7,'велик выбрать с женей','асап','0000-00-00 00:00:00','0000-00-00 00:00:00'),(19,8,'12/10 Международный день артрита\n10/05 Международный день СКВ','клиника,инфоповод','0000-00-00 00:00:00','0000-00-00 00:00:00'),(20,8,'18.09.2003 - начало работы клиники!','клиника,инфоповод','0000-00-00 00:00:00','0000-00-00 00:00:00'),(21,8,'06/2014 - третье воскресенье - день медика','клиника,инфоповод','0000-00-00 00:00:00','0000-00-00 00:00:00'),(22,8,'093 508-10-37 мой лайф','контакты,личное','0000-00-00 00:00:00','0000-00-00 00:00:00'),(41,8,'схема санаторного лечения - сделать схему под Дашу, собрать санатории, донести врачам и персонралу','клиника,новые услуги,сегодня','0000-00-00 00:00:00','0000-00-00 00:00:00'),(44,8,'была бы заебатаая фича, если идет цифровой набор типа =80*0,8/4 на выводе автоматом ставило резултат - 16','заметки','0000-00-00 00:00:00','0000-00-00 00:00:00'),(47,8,'если в заметке есть дата (нужен набор стандартных масок), то надо эти заметки автоматом \"приклеивать\" сверху за N дней до наступления этой даты','заметки','0000-00-00 00:00:00','0000-00-00 00:00:00'),(48,8,'служебный таг в списке тагов \"новое/пусто/входящие\", чтобы выводить список постов без тагов','заметки','0000-00-00 00:00:00','0000-00-00 00:00:00'),(50,8,'экспорт списка заметок на экране в блокнот (.txt), например, кнопка \"Скопировать список в буфер\" и потом в почту уже вставляется обычным текстом список - как вариант \"Отправить список на емейл _______\"','заметки','0000-00-00 00:00:00','0000-00-00 00:00:00'),(53,8,'реестр оборудования на балансе (ревизия имущества клиники) - сентябрь - наработки в боксе в бухгалтерии','бух,клиника,сегодня','0000-00-00 00:00:00','0000-00-00 00:00:00'),(56,8,'свидетельства соцстраха (заявления уже у Вас)','бух,клиника','0000-00-00 00:00:00','0000-00-00 00:00:00'),(57,8,'заполнить книгу доходов ФОПа ','бух,ФОП','0000-00-00 00:00:00','0000-00-00 00:00:00'),(58,8,'приказ на отказ в копировании карточек','бух,клиника,хотелка','0000-00-00 00:00:00','0000-00-00 00:00:00'),(59,8,'смена КВЕДов ФОПа: 73.10.1 – Дослідження і розробки в галузі природничих наук либо 72.19- Дослідження й експерементальні розробки у сфері інших природничих і технічних наук)','бух,ФОП','0000-00-00 00:00:00','0000-00-00 00:00:00'),(60,8,'внедрить систему списания при выдаче со склада','бух,клиника','0000-00-00 00:00:00','0000-00-00 00:00:00'),(61,8,'инструкцию на случай возврата','бух,клиника,хотелка','0000-00-00 00:00:00','0000-00-00 00:00:00'),(62,8,'сортировка тагов и постов как сделать? по алфавиту? выбор вариантов сортировки? вывод в начале заметок с тагом \"важно\" или \"!\"?','заметки','0000-00-00 00:00:00','0000-00-00 00:00:00'),(63,8,'надо ковырять какойто фильтрос интелектуальный для тагов','заметки','0000-00-00 00:00:00','0000-00-00 00:00:00'),(65,8,'если в заметке упоминается день недели (например, по понедельникам) то по аналогии у упоминанием даты в этот день заметка должна быть дето прилеплена - например я пишу, \"совещание по пятницам\" и каждую пятницу эта заметка с утра вылазит сверху','заметки','0000-00-00 00:00:00','0000-00-00 00:00:00'),(73,8,'пробить айпи атс у Интертелекома 361-11-33 (корп отдел)','клиника,туду','0000-00-00 00:00:00','0000-00-00 00:00:00'),(75,8,'Информ согласие + правила массажа + отметка о визите - подписывать перед курсом массажа и хранить в папке на ресепшене','клиника,хотелка','0000-00-00 00:00:00','0000-00-00 00:00:00'),(82,7,'http://minrd.gov.ua/businesspartner\nhttp://irc.gov.ua/ua/Poshuk-v-YeDR.html','спд','0000-00-00 00:00:00','0000-00-00 00:00:00'),(83,8,'http://minrd.gov.ua/businesspartner\nhttp://irc.gov.ua/ua/Poshuk-v-YeDR.html\nпроверка ФОП','ссылки','0000-00-00 00:00:00','0000-00-00 00:00:00'),(85,7,'http://www.fit4life.ru/bodybuilding-fitness/sportivnoe-pitanie/sportivnoe-pitanie-dlya-poxudeniya','спортпит','0000-00-00 00:00:00','0000-00-00 00:00:00'),(86,8,'найти книгу про секс и ОХ, ОА, РА - возможно на английском','хотелка','0000-00-00 00:00:00','0000-00-00 00:00:00'),(96,8,'кондер в кабинет главврача','клиника,купить','0000-00-00 00:00:00','0000-00-00 00:00:00'),(97,8,'тестирование ревматолог+невролог (колени+спина) для планирующих беременность женщин - проверим, расскажем о мерах предосторожности (буклет)','клиника,новые услуги','0000-00-00 00:00:00','0000-00-00 00:00:00'),(108,8,' г.Одесса Реклама в лифтах! В Одессе мы являемся владельцами рекламных щитов в лифтах – жилых домах в 2-х спальных районах Таирово -630 лифтов и пос.Котовского-500лифтов Цены приведены ниже: Формат А5-2400грн –Таирово Формат А5-2000грн- пос.Котовского Есть формат А6( 1000грн ), А5, А4, А3 Если Вы у нас размещаетесь длительно форматом А4 или А3 (мин.3 месяца)- для Вас будет скидка 30%. выход рекламы 8 числа каждого месяца. На данный момент предлагаю Вам, разместится, Выход 8 августа по 8 сентября 2014г.(реклама выходит каждое 8 число) Иванна 050-536-90-36 или 096-62-63-661, bidun87@gmail.com','клиника,реклама','0000-00-00 00:00:00','0000-00-00 00:00:00'),(112,8,'много маленьких флешек для узи','купить,клиника','0000-00-00 00:00:00','0000-00-00 00:00:00'),(118,8,'закончить анкету удаленного предварительного осмотра\nучесть инфу со штатов\nпредоплата через сайт / реквизиты','клиника,новые услуги','0000-00-00 00:00:00','0000-00-00 00:00:00'),(127,8,'сделать полные описания по диагнозам - потом урезать, а полные закинуть на Ревмо.инфо','клиника,сайт','0000-00-00 00:00:00','0000-00-00 00:00:00'),(128,8,'бить ортопедические салоны','клиника,сайт','0000-00-00 00:00:00','0000-00-00 00:00:00'),(129,8,'добить раздел Сан-кур лечения','клиника,сайт','0000-00-00 00:00:00','0000-00-00 00:00:00'),(130,8,'бить раздел Справочник','клиника,сайт','0000-00-00 00:00:00','0000-00-00 00:00:00'),(131,8,'выложить полный прайс в ПДФ','клиника,сайт','0000-00-00 00:00:00','0000-00-00 00:00:00'),(132,8,'сделать блок \"Зачем лайкать в ФБ\" - акции, доп инфа....','клиника,сайт','0000-00-00 00:00:00','0000-00-00 00:00:00'),(133,8,'форму обратного звонка на панель + поработать с контактами на сайте ваще','клиника,сайт','0000-00-00 00:00:00','0000-00-00 00:00:00'),(134,8,'контент по санкур: http://www.sanatoria.ru/soderzhanie.php?kniga=5','остеоартроз','0000-00-00 00:00:00','0000-00-00 00:00:00'),(135,8,'еврофлаер для Школы ОА','остеоартроз,туду','0000-00-00 00:00:00','0000-00-00 00:00:00'),(136,8,'пройтись по всей базе и проплюсовать хорошие статьи, проминусовать фигню, поправить таги','ревматология','0000-00-00 00:00:00','0000-00-00 00:00:00'),(137,8,'Проводить бесплатные семинары по иммунобиологии - цель сделать групповую покупку Хумиры','клиника,новые услуги,учебный центр','0000-00-00 00:00:00','0000-00-00 00:00:00'),(140,8,'егору резинки для крепежа простынок','клиника,купить','0000-00-00 00:00:00','0000-00-00 00:00:00'),(141,8,'принтер ХП для кассы, картридж, удлинители, злой роутер','клиника,купить','0000-00-00 00:00:00','0000-00-00 00:00:00'),(142,8,'защитную планку на ресепшн для проводов - вместе с ремонтом','клиника,купить','0000-00-00 00:00:00','0000-00-00 00:00:00'),(143,8,'приклеить уголки оббитые (ресепшн 3 шт.) - вместе с ремонтом','клиника,купить','0000-00-00 00:00:00','0000-00-00 00:00:00'),(144,8,'динамометр, спирометр, угломеры','клиника,купить','0000-00-00 00:00:00','0000-00-00 00:00:00'),(145,8,'2 низких вешалки-стойки (егор и славик)','клиника,купить','0000-00-00 00:00:00','0000-00-00 00:00:00'),(146,8,'2 стойки для журналов','клиника,купить','0000-00-00 00:00:00','0000-00-00 00:00:00'),(147,8,'тренажер? (после аккредитации) - другой кабинет!','клиника,купить','0000-00-00 00:00:00','0000-00-00 00:00:00'),(148,8,'сделать опросник для врачей по качеству работы медсестер','клиника,хотелка','0000-00-00 00:00:00','0000-00-00 00:00:00'),(150,8,'новый равномерный график (Егору разнести УЗИ и невролога)','клиника,график работы','0000-00-00 00:00:00','0000-00-00 00:00:00'),(152,8,'Бальная система для определения бонусов и штрафов по итогам месяца:\n- если нет минусов, то +10% к зарплате;\n- если до 3 минусов - обнуляем и просто зарплата;\n- если больше 3 минусов, то -1% от зарплаты за каждый минус.\n\nМинус снять нельзя! За мелочь сначала предупреждение, второе замечание за день - минус. Система работает по принципу \"добрый царь\" - кого хочу, того и минусую :)','клиника,прайс','0000-00-00 00:00:00','0000-00-00 00:00:00'),(154,8,'\"Суперпапка\" для пациентов при первом визите','клиника,хотелка','0000-00-00 00:00:00','0000-00-00 00:00:00'),(158,8,'расчет стоимости лечения','СХ','0000-00-00 00:00:00','0000-00-00 00:00:00'),(160,8,'расписать схему для сан-кур лечения (закрыть вопрос в пятницу)','СХ','0000-00-00 00:00:00','0000-00-00 00:00:00'),(161,8,'наладить сотрудничество: лор, рентген и т.д. (Саша что-то делала)','клиника,хотелки','0000-00-00 00:00:00','0000-00-00 00:00:00'),(162,8,'Сделать персонофицированный реестр спецодежды с планом обновления + резерв','клиника,оксана','0000-00-00 00:00:00','0000-00-00 00:00:00'),(163,8,'лампа у Н.В.	\nподключить телек к УЗИ в суставной\nперекомпилить фильм про ЛФК РАМН','сашка','0000-00-00 00:00:00','0000-00-00 00:00:00'),(166,8,'Сделаны, надо вычитывать\nОтвет на звонок, Общие правила ведения беседы, Обращение при прозвоне, Дайте поговорить с доктором, Звонок третьего лица и т.д.','клиника,туду','0000-00-00 00:00:00','0000-00-00 00:00:00'),(167,8,'Провести аттестацию админам и разделить обязанности\nтекущий график, предварительная запись, прозвоны, страховые, электронка (анализы, запись, запросы), расчет пациентов, контроль наличия и проштампованности направлений','клиника,туду','0000-00-00 00:00:00','0000-00-00 00:00:00'),(168,8,'График сдачи одежды в стирку\nЗапретить врачам трындеть по мобильному во время консультации\nЭлектронная очередь\nСкорая помощь, когда нет медсестер - что, где, как...\nРазместить рекламу клиники для врачей в Компендиуме\nРазвить направление лечения за рубежом - тоже эндопротезирование, детки\nПредварительная оплата депозита с бонусом - безвозвратно, со конечным сроком\nУказывать срок годности для назначенных манипуляций','клиника,хотелка','0000-00-00 00:00:00','0000-00-00 00:00:00'),(169,8,'Флаер по Гиалуроновая кислота (еврофлаер хотя бы)','клиника,хотелка','0000-00-00 00:00:00','0000-00-00 00:00:00'),(170,8,'Оракал	\nподписи кабинетов (9 штук)\nТОВ \"Ревмоцентр\" на вход\nнаклейки с адресом сайта на машину - 3 шт.\nлоготип на пластике не ресепшен\nуголки потребителя\nкарманы для акций на ресепшене\n2 \"стрелки-указателя\" в арку','клиника,туду','0000-00-00 00:00:00','0000-00-00 00:00:00'),(171,8,'Разобраться с ответом по электричеству (шо такое ТП и как оно делится, почему остальное делится поровну)','клиника,туду','0000-00-00 00:00:00','0000-00-00 00:00:00'),(172,8,'купить 4 счетчика воды и починить трубу слива кондера','клиника,купить','0000-00-00 00:00:00','0000-00-00 00:00:00'),(177,8,'надо делать карточки на пациентов, которые делают только узи','клиника,аккредитация','0000-00-00 00:00:00','0000-00-00 00:00:00'),(180,8,'подготовить тему с оплатой через банк за товары партнеров: ортезы, корсеты, гиалурон','клиника,новые услуги','0000-00-00 00:00:00','0000-00-00 00:00:00'),(189,7,'awwwards.com – посмотрите на сайты дня и сайты месяца\nunmatchedstyle.com – отзывы весьма полезны\ndribbble.com\npatterntap.com\n\nhttp://habrahabr.ru/post/231329/','дизайн','0000-00-00 00:00:00','0000-00-00 00:00:00'),(196,8,'сделать на обратной стороне бланков контекстную инструкцию + схему лечения','клиника,хотелка','0000-00-00 00:00:00','0000-00-00 00:00:00'),(198,8,'напечатать \"квадраты\" для заметок с нашим лого и инфой с одной стороны','клиника,полиграфия','0000-00-00 00:00:00','0000-00-00 00:00:00'),(199,8,'067 234-37-89 Дима - civilka.com.ua - ОСАГО','контакты','0000-00-00 00:00:00','0000-00-00 00:00:00'),(201,8,'кликабельность на тагах в постах в режиме списка заметок','заметки','0000-00-00 00:00:00','0000-00-00 00:00:00'),(203,8,'http://www.arthrolink.com/','остеоартроз','0000-00-00 00:00:00','0000-00-00 00:00:00'),(205,7,'штрафы. кредит на авто','выезд','0000-00-00 00:00:00','0000-00-00 00:00:00'),(207,8,'сделать А4 текст про Бледсо и куда обращаться в случае чего, а с другой стороны на этом листе печатать счета на ортезы','клиника,туду,ортезы','0000-00-00 00:00:00','0000-00-00 00:00:00'),(211,8,'дисконтная карта: заполнение анкеты с разрешением спамить, консультация (сколько?), сумма денег?, отправить 1 человека в клинику\n\nППшникам +5%, которая плюсует ко всем действующим скидкам, если скидки нет на услуге, значит стала 5%','прайс','0000-00-00 00:00:00','0000-00-00 00:00:00'),(215,8,'атеросклероз, гипертония, варикозная болезнь нижних конечностей - общая инфа, диета и образ жизни - найти готовые памятки и выдавать с УЗИ по команде Егора','клиника,прайс','0000-00-00 00:00:00','0000-00-00 00:00:00'),(217,8,'скидка на консультацию 5% при предварительной оплате через банк','прайс','0000-00-00 00:00:00','0000-00-00 00:00:00'),(221,8,'када редажишь и сохраняешь заметку, перебрасывает на #top - хотелось бы остаться там же, особенно када список длинный','заметки','0000-00-00 00:00:00','0000-00-00 00:00:00'),(222,8,'Сделать выборку ключевиков и через http://wordstat.yandex.ru/ выбрать интересные запросы rheumo.info','ревматология,артикулар','0000-00-00 00:00:00','0000-00-00 00:00:00'),(223,8,'система тренивровак TRX - ЛФК','новые услуги,клиника','0000-00-00 00:00:00','0000-00-00 00:00:00'),(231,8,'при манипуляциях, если не указано в заключении (пришел в дрйгоу день) выдавать бумажку мол проведено тото, введено тото и т.д.','клиника,сегодня','0000-00-00 00:00:00','0000-00-00 00:00:00'),(234,8,'код папиной зп карты 1212','личное','0000-00-00 00:00:00','0000-00-00 00:00:00'),(238,8,'В теле человека 239 суставов. ','клиника,реклама','0000-00-00 00:00:00','0000-00-00 00:00:00'),(246,8,'иногда бывает случайно удаляю заметки, корзина не помешает :)','заметки','0000-00-00 00:00:00','0000-00-00 00:00:00'),(252,7,'спросить про ДР сотрудников','ufirst','0000-00-00 00:00:00','0000-00-00 00:00:00'),(253,7,'сделать мануал по кофемашине','ufirst','0000-00-00 00:00:00','0000-00-00 00:00:00'),(254,8,'http://www.mynet.ua/price/\nТариф:\nUnlim Micro +20 Мбит\n– за три месяца: 153 грн., цена месца: 51 грн. \nКод для оплаты: 200597. ','леси','0000-00-00 00:00:00','0000-00-00 00:00:00'),(257,7,'that could very well be. nothing to see with Amsterdam quality','английский','0000-00-00 00:00:00','0000-00-00 00:00:00'),(258,7,'git flow','read,learn','0000-00-00 00:00:00','0000-00-00 00:00:00'),(259,7,'http://erikaheidi.com/blog/setting-up-a-development-machine-with-ubuntu-1404-trusty-tahr','read','0000-00-00 00:00:00','0000-00-00 00:00:00'),(260,7,'http://esquire.ru/auzan-1','read','0000-00-00 00:00:00','0000-00-00 00:00:00'),(261,7,'symbolic links on magento themes','read','0000-00-00 00:00:00','0000-00-00 00:00:00'),(262,8,'сделать на выдаче при записи на прием замануху типа лайкайте нас в фб и в письмах тоже добавить по полной','клиника,хотелка','0000-00-00 00:00:00','0000-00-00 00:00:00'),(264,7,'Гуляй перед сном\n10-20 минут перед сном посиди в тишине и спокойствии\nhttp://habrahabr.ru/post/134125/','ЗОЖ','0000-00-00 00:00:00','0000-00-00 00:00:00'),(265,7,'http://nvie.com/posts/a-successful-git-branching-model/','read','0000-00-00 00:00:00','0000-00-00 00:00:00'),(267,7,'http://blog.andrewray.me/reactjs-for-stupid-people/','read','0000-00-00 00:00:00','0000-00-00 00:00:00'),(272,7,'nginx configuration','lear','0000-00-00 00:00:00','0000-00-00 00:00:00'),(273,7,'nginx configuration','lear','0000-00-00 00:00:00','0000-00-00 00:00:00'),(274,7,'sfsdfsfdsdsdf\n','learn,read','0000-00-00 00:00:00','0000-00-00 00:00:00'),(278,8,'международный день врача - первый понедельник октября (01/10)','клиника,инфоповод','0000-00-00 00:00:00','0000-00-00 00:00:00'),(282,8,'\"Клиника рекомендует\" - на сайте сделать раздел, где описать что значит этот знак и список препаратов которые его получили','клиника,хотелки','0000-00-00 00:00:00','0000-00-00 00:00:00'),(283,8,'подобрать картинки-схемы с сосудами для заключения дуплекса сосудов ','клиника,хотелка','0000-00-00 00:00:00','0000-00-00 00:00:00'),(287,8,'05/10 ТО шкоды ети','шкода','0000-00-00 00:00:00','0000-00-00 00:00:00'),(291,8,'сделать алерт на статьях с тегом \"врачу\"','ревматология','0000-00-00 00:00:00','0000-00-00 00:00:00'),(293,8,'вызов на дом - сделать форму и слать ее на контактное мыло','ойболит','0000-00-00 00:00:00','0000-00-00 00:00:00'),(299,8,'кардинально обновленный буклет клиники с новыми фотками!!!','клиника,полиграфия','0000-00-00 00:00:00','0000-00-00 00:00:00'),(300,8,'050 355-04-01 Вячеслав (Перун) обслуживание огнетушителей','клиника,контакты','0000-00-00 00:00:00','0000-00-00 00:00:00'),(303,8,'апгрейднуть Ревмотест http://rheumo.info анализатором РФ, СРБ, АСЛО, Антиццп...','ревматология','0000-00-00 00:00:00','0000-00-00 00:00:00'),(310,7,'edslfjfj','sdfsd,sdfsdfsdf,wdwdf','0000-00-00 00:00:00','0000-00-00 00:00:00'),(311,7,'edslfjfj','sdfsd,sdfsdfsdf,wdwdf','0000-00-00 00:00:00','0000-00-00 00:00:00'),(312,8,'мвт 01 | мит 11 физиопроцедуры','клиника,новые услуги','0000-00-00 00:00:00','0000-00-00 00:00:00'),(314,8,'10/2015 ТО огнетушителей','клиника','0000-00-00 00:00:00','0000-00-00 00:00:00'),(315,8,'с этим анализом также сдают: - и на основе корзин предлагать или руками линковать анализы','ойболит','0000-00-00 00:00:00','0000-00-00 00:00:00'),(316,8,'050 857 93 54 Юлия Юлаева','клиника,контакты','0000-00-00 00:00:00','0000-00-00 00:00:00'),(324,8,'вакуумный массажер славику','клиника,хотелка','0000-00-00 00:00:00','0000-00-00 00:00:00'),(334,7,'http://alanstorm.com/category/magento','read','0000-00-00 00:00:00','0000-00-00 00:00:00'),(335,7,'http://vimeo.com/54505525','read','0000-00-00 00:00:00','0000-00-00 00:00:00'),(336,7,'online postal\ndelivery everything by bike (network of anonymous drivers?)\nmedical for private doctors / saas\nawesome velomarkt (I need such and such, Im gonna to sale in 3 months)','startup','0000-00-00 00:00:00','0000-00-00 00:00:00'),(337,8,'терминалы привата 0505686691 Дмитрий (Щербаков Сергей Юрьевич)','контакты,клиника,хотелка','0000-00-00 00:00:00','0000-00-00 00:00:00'),(338,8,'зарплатные карточки привата Яна Кожевникова 0637741790','клиника,контакты','0000-00-00 00:00:00','0000-00-00 00:00:00'),(339,8,'сделать инструкцию для персонала по поведению: например не бросать пациента одного. не убегать вперед со словами не спешите и т.д.','клиника,хотелка','0000-00-00 00:00:00','0000-00-00 00:00:00'),(341,8,'235-56-29 Екатерина Ивановна - главбух Выдренко','клиника,контакты','0000-00-00 00:00:00','0000-00-00 00:00:00'),(342,8,'лекарства по подписке по сниженой цене','клиника,хотелка','0000-00-00 00:00:00','0000-00-00 00:00:00'),(343,8,'закинуть текст в Ортезы и подумать над листовкой (скрининг ОА полюбасу)','клиника,сегодня','0000-00-00 00:00:00','0000-00-00 00:00:00'),(345,8,'забить мили в люфтгансе','сегодня','0000-00-00 00:00:00','0000-00-00 00:00:00'),(348,8,'зафигачить артикулар (2 гиалгана, синокром уан, ренехавис) - поменять концепию общую, дизайн в духе лендинг пейдж','сегодня','0000-00-00 00:00:00','0000-00-00 00:00:00'),(350,8,'9/12/2011 день рождения Левы Василяк','личное','0000-00-00 00:00:00','0000-00-00 00:00:00'),(352,8,'10/12 денрик Юли Ховко','личное,контакты','0000-00-00 00:00:00','0000-00-00 00:00:00'),(371,7,'http://git-scm.com/book/en/v2/Git-Branching-Branches-in-a-Nutshell\nhttps://www.atlassian.com/git/tutorials/comparing-workflows/centralized-workflow/','read','0000-00-00 00:00:00','0000-00-00 00:00:00'),(372,8,'095 380-10-72 Лариса Михайловна журнал \"Домашний доктор\"','клиника,контакты','0000-00-00 00:00:00','0000-00-00 00:00:00'),(373,8,'прозванивать пациентов после визита, анкета опросник по качеству, чтото еще','клиника,хотелка','0000-00-00 00:00:00','0000-00-00 00:00:00'),(379,8,'9 февраля Юля, 13 февраля Лада, 21 февраля Виталик','личное','0000-00-00 00:00:00','0000-00-00 00:00:00'),(380,8,'отобрать форумы/факи/группы по тематике и принять активное участие в обсуждениях','клиника,реклама','0000-00-00 00:00:00','0000-00-00 00:00:00'),(381,8,'http://www.seonews.ru/analytics/10-instrumentov-veb-analitiki-na-kotorye-stoit-obratit-vnimanie/\nhttp://www.seonews.ru/analytics/11-besplatnykh-instrumentov-dlya-seo-spetsialistov/\nhttp://www.seonews.ru/analytics/instrumenty-seo-kopiraytera-chast-1/\nhttp://www.seonews.ru/masterclasses/prakticheskoe-primenenie-instrumentov-web-analitiki/\nhttp://www.seonews.ru/analytics/instrumentyi-dlya-monitoringa-beklinkov/\nhttp://www.seonews.ru/analytics/7-instrumentov-dlya-povysheniya-konversii/','seo,прочитать','0000-00-00 00:00:00','0000-00-00 00:00:00'),(383,8,'внедрить в прайс заочную консультацию или экспертизу документов','новые услуги,клиника,туду','0000-00-00 00:00:00','0000-00-00 00:00:00'),(384,8,'http://www.webmd.com/osteoarthritis/live-better-10/slideshow-staying-active?ecd=wnl_art_030315&ctr=wnl-art-030315_nsl-promo_4&mb=LH4m1PeV1lzjeMpM4dpzLShonS%2fH3cwyZma0Z20tlD0%3d\n\nhttp://rheumatology.org.ua/blog/articles/1317/','сегодня','0000-00-00 00:00:00','0000-00-00 00:00:00'),(385,8,'сделать \"Консультацию ревматолога\" на дому. Обсудить нюансы.','сегодня,новые услуги','0000-00-00 00:00:00','0000-00-00 00:00:00');
/*!40000 ALTER TABLE `noteold` ENABLE KEYS */;
UNLOCK TABLES;

--
-- Table structure for table `search_index`
--

DROP TABLE IF EXISTS `search_index`;
/*!40101 SET @saved_cs_client     = @@character_set_client */;
/*!40101 SET character_set_client = utf8 */;
CREATE TABLE `search_index` (
  `note_id` int(10) unsigned NOT NULL DEFAULT '0',
  `text` text NOT NULL,
  FULLTEXT KEY `text` (`text`)
) ENGINE=MyISAM DEFAULT CHARSET=utf8;
/*!40101 SET character_set_client = @saved_cs_client */;

--
-- Dumping data for table `search_index`
--

LOCK TABLES `search_index` WRITE;
/*!40000 ALTER TABLE `search_index` DISABLE KEYS */;
INSERT INTO `search_index` VALUES (239,'Алена Говорыть Украина 067 507-24-46,4463fff9-4c46-413b-94b8-81d1ddc5a8d9,__trash,контакты,__trash'),(240,'Ирина вода 097 154-27-09,4463fff9-4c46-413b-94b8-81d1ddc5a8d9,__trash,контакты,__trash'),(254,'http://ukrmedservice.com.ua/ ремонт узи,cb809b14-894d-4396-95d8-a4ec95b7954f,4463fff9-4c46-413b-94b8-81d1ddc5a8d9,клиника,контакты'),(242,'составить план развития, расписать каждое направление (клиника, учебный центр, научный центр, интернет и телемедицина), цели и стратегию,1402cdc6-81ce-40f1-95dd-57af5675a298,cb809b14-894d-4396-95d8-a4ec95b7954f,перезагрузка,клиника'),(237,'прочитать https://developers.google.com/web/fundamentals/,9f400981-d025-4431-9c54-624fdad6d35b,прочитать'),(238,'- сделать блок на сплеше клиники с фоткой папика и чесом, когда нужен ревматолог и почему именно мы так круты,cb809b14-894d-4396-95d8-a4ec95b7954f,клиника'),(429,'Бланк контроля качества работы м/с для врача\n  ,__trash,757b817c-b636-4c3c-bfd7-5d96b3bb1628,__trash,СХ'),(425,'выебать группу разработчиков 01/08\n  week  month ,__trash,__date2015-07-24,e215ae90-b008-48d4-a3d7-0570ad06a2d6,__trash,day2015-07-24,this'),(235,'затулить на сайт клиники локальные протколы вместо описаний диагнозов,cb809b14-894d-4396-95d8-a4ec95b7954f,клиника'),(3,'завести фейсбук дашеньке '),(291,'only two entities: notes and tags and features are limited only by imagination,d053db1c-1e6e-4296-a557-74afe4c237b3,заметки'),(428,'дофоткать: гнилорыбов, карпович + двор + постановочные (стационар, массаж - несколько)\n  ,be6ed2e0-0b94-47b0-95b0-337a0de0a41c,004aa11a-a0c9-41a9-b1a6-1deeadae9399,cb809b14-894d-4396-95d8-a4ec95b7954f,ильин,туду,клиника'),(229,'общее совещание всех сотрудников 28/09/15  ,__date201508,__date2015W32,__date20150809,cb809b14-894d-4396-95d8-a4ec95b7954f,__date201508,__date2015W32,__date20150809,клиника'),(230,'собрать подписи на ЛЕК (отдал Шлапак) на очереди Матиящу и Негатина,__trash,__trash'),(232,'- запустить раздел по иммунобиологии на Ревматологии,50a03b17-122b-4b74-b9f1-defd4af73256,69a4f9b7-47a0-4b4e-8795-8f5d69bf8c72,гнилорыбов,ревматология'),(233,'форма регистрации на клинисследования на сайт,69a4f9b7-47a0-4b4e-8795-8f5d69bf8c72,ревматология'),(45,'моя первая заметочка  ,6e28a65c-8d3d-40cd-ab96-660603a4d358,de5f6fc5-4e98-4db5-b326-48ded625a232,заметочка,первая'),(46,'моя вторая заметочка ,de5f6fc5-4e98-4db5-b326-48ded625a232,первая'),(52,'моя первая записулечка'),(53,'вторая записулечка  ,1c860d64-1e7a-47f3-80a2-6b77718d8b24,71254088-c212-409c-ac81-1b55efe43d50,вторая,асап'),(54,'третья  ,1c860d64-1e7a-47f3-80a2-6b77718d8b24,1f8e0d02-77b0-4047-b4e4-10f385aded87,вторая,третья'),(427,'лендинг рембра ,e6c89df7-5943-4862-ad45-121c0c693ad3,сегодня'),(209,'1When elements are positioned outside the normal flow, they can overlap other elements.\n\nThe z-index property specifies the stack order of an element (which element should be placed in front of, or behind, the others).\n\nAn element can have a positive or negative stack order:,13e0b0ea-7148-4e16-b28b-9f9d3c1adfd7,1c53d4b9-453e-46e7-9d9f-78b1025d0ef9,css,html'),(59,'wdfwsdfs'),(60,'wdfsdfsd'),(234,'флаер по внутрисуставным под УЗИ (что, зачем, подготовка, потом как - кисты, синовиты, гиалуронка) \n \n,bfa26fe4-140c-4b13-8efb-745e05c55d92,757b817c-b636-4c3c-bfd7-5d96b3bb1628,полиграфия,СХ'),(73,'tar -pczf ~/archive.tar.gz /path/to/source/ --exclude=tmp --exclude=trash,95b3b4a0-7ff0-469b-8935-5c5ade74ca55,a881e366-c10b-4076-88bc-8cabde5ef7f6,95b3b4a0-7ff0-469b-8935-5c5ade74ca55,a881e366-c10b-4076-88bc-8cabde5ef7f6,95b3b4a0-7ff0-469b-8935-5c5ade74ca55,a881e366-c10b-4076-88bc-8cabde5ef7f6,linux,tar,linux,tar,linux,tar'),(75,'gunzip file.gz\ngzip -d file.gz\n\ntar xvzf file.tar.gz\ntar xvzf file.tgz,95b3b4a0-7ff0-469b-8935-5c5ade74ca55,a881e366-c10b-4076-88bc-8cabde5ef7f6,linux,tar'),(76,'http://habrahabr.ru/company/geekfamily/blog/256495/,338adf8a-d42e-4b59-9d25-7122c63db471,6b6c2f31-5e5b-41b0-b9e4-fc626dace6e9,tech,API'),(421,'позвонить электрику 07/28,__date2015-07-28,__date2015-W31,__date2015-07,day2015-07-28,next week,this month'),(213,'you need to delete magento module on prod. What you\'re gonna do?,2cca0291-18b1-41ac-8b6e-464dadc11eb1,9b7e43b0-2414-4edd-b40f-aeff6c0bf2b5,interview,magento'),(423,'пнуть дмитра 07/28,__date2015-07-28,__date2015-W31,__date2015-07-20,__date2015-W30,__date2015-07,day2015-07-28,next week,day2015-07-20,this week,this month'),(274,'сброс набора тагов = ф5,d28d0c86-7295-44e9-8a61-3409d745022e,заметки'),(221,'Мониторить все врачебные ФАКи, отлавливать вопросы по ревматологии и уточнять: этой проблемой занимается врач-ревматолог и ссылка на каталог ревматологов Украины на сайте Ревматология. Повесить на интернов.,69a4f9b7-47a0-4b4e-8795-8f5d69bf8c72,ревматология'),(293,'сделать полку на ресепшен 25х45'),(92,'12/10 Международный день артрита\n10/05 Международный день СКВ,cb809b14-894d-4396-95d8-a4ec95b7954f,16ebdeaa-a45a-4d63-8be6-f8fc51f3c609,клиника,инфоповод'),(93,'18.09.2003 - начало работы клиники!,cb809b14-894d-4396-95d8-a4ec95b7954f,16ebdeaa-a45a-4d63-8be6-f8fc51f3c609,клиника,инфоповод'),(95,'093 508-10-37 мой лайф,4463fff9-4c46-413b-94b8-81d1ddc5a8d9,контакты'),(96,'схема санаторного лечения - сделать схему под Дашу, собрать санатории, донести врачам и персоналу,cb809b14-894d-4396-95d8-a4ec95b7954f,1402cdc6-81ce-40f1-95dd-57af5675a298,клиника,перезагрузка'),(97,'была бы заебатаая фича, если идет цифровой набор типа =80*0,8/4 на выводе автоматом ставило резултат - 16,d28d0c86-7295-44e9-8a61-3409d745022e,заметки'),(98,'если в заметке есть дата (нужен набор стандартных масок), то надо эти заметки автоматом \"приклеивать\" сверху за N дней до наступления этой даты,d28d0c86-7295-44e9-8a61-3409d745022e,заметки'),(99,'служебный таг в списке тагов \"новое/пусто/входящие\", чтобы выводить список постов без тагов,d28d0c86-7295-44e9-8a61-3409d745022e,заметки'),(100,'экспорт списка заметок на экране в блокнот (.txt), например, кнопка \"Скопировать список в буфер\" и потом в почту уже вставляется обычным текстом список - как вариант \"Отправить список на емейл _______\",d28d0c86-7295-44e9-8a61-3409d745022e,заметки'),(101,'реестр оборудования на балансе (ревизия имущества клиники) - сентябрь - наработки в боксе в бухгалтерии    ,b6473d98-6329-4204-987e-8343cc59196f,cb809b14-894d-4396-95d8-a4ec95b7954f,004aa11a-a0c9-41a9-b1a6-1deeadae9399,бух,клиника,туду'),(436,'сделать еврофлаер с тестом по псориазу   ,e6c89df7-5943-4862-ad45-121c0c693ad3,4a41b0cc-a916-4af2-b78a-c9974342b942,cb809b14-894d-4396-95d8-a4ec95b7954f,сегодня,реклама,клиника'),(102,'свидетельства соцстраха (заявления уже у Вас),b6473d98-6329-4204-987e-8343cc59196f,cb809b14-894d-4396-95d8-a4ec95b7954f,бух,клиника'),(103,'заполнить книгу доходов ФОПа ,b6473d98-6329-4204-987e-8343cc59196f,1a6088d9-f3ca-4b03-9eeb-794b07934aa7,бух,ФОП'),(104,'приказ на отказ в копировании карточек,b6473d98-6329-4204-987e-8343cc59196f,cb809b14-894d-4396-95d8-a4ec95b7954f,74979eba-fafd-4ad4-b35f-a2b70b174207,бух,клиника,хотелка'),(105,'смена КВЕДов ФОПа: 73.10.1 – Дослідження і розробки в галузі природничих наук либо 72.19- Дослідження й експерементальні розробки у сфері інших природничих і технічних наук),b6473d98-6329-4204-987e-8343cc59196f,1a6088d9-f3ca-4b03-9eeb-794b07934aa7,бух,ФОП'),(106,'внедрить систему списания при выдаче со склада,b6473d98-6329-4204-987e-8343cc59196f,cb809b14-894d-4396-95d8-a4ec95b7954f,бух,клиника'),(107,'инструкцию на случай возврата,b6473d98-6329-4204-987e-8343cc59196f,cb809b14-894d-4396-95d8-a4ec95b7954f,74979eba-fafd-4ad4-b35f-a2b70b174207,бух,клиника,хотелка'),(275,'- создать бизнес-план для Ойболита,a2f2c4c1-c45e-4064-8e10-93bb504e780a,ойболит'),(276,'- протестировать систему заливки прайсов,a2f2c4c1-c45e-4064-8e10-93bb504e780a,ойболит'),(180,'- вызов на дом - сделать форму и слать ее на контактное мыло лаборатории МОЖНО даже после наполнения базы лабораторий, добавить рекламу сервиса в письма,a2f2c4c1-c45e-4064-8e10-93bb504e780a,ойболит'),(110,'если в заметке упоминается день недели (например, по понедельникам) то по аналогии у упоминанием даты в этот день заметка должна быть дето прилеплена - например я пишу, \"совещание по пятницам\" и каждую пятницу эта заметка с утра вылазит сверху,d28d0c86-7295-44e9-8a61-3409d745022e,заметки'),(111,'пробить айпи атс у Интертелекома 361-11-33 (корп отдел),cb809b14-894d-4396-95d8-a4ec95b7954f,клиника'),(440,'http://habrahabr.ru/post/143620/ \n,2690a240-cbfc-4d89-8276-a6884cd3071a,read'),(112,'Информ согласие + правила массажа + отметка о визите - подписывать перед курсом массажа и хранить в папке на ресепшене,cb809b14-894d-4396-95d8-a4ec95b7954f,74979eba-fafd-4ad4-b35f-a2b70b174207,клиника,хотелка'),(113,'http://minrd.gov.ua/businesspartner\nhttp://irc.gov.ua/ua/Poshuk-v-YeDR.html\nпроверка ФОП,baf799fa-e5a6-4e5b-a4ca-2aeb952f70c3,ссылки'),(114,'найти книгу про секс и ОХ, ОА, РА - возможно на английском,74979eba-fafd-4ad4-b35f-a2b70b174207,хотелка'),(115,'кондер в кабинет главврача\n ,cee9abb2-b366-4630-becf-b5417640e4d8,__trash,сделано,__trash'),(116,'тестирование ревматолог+невролог (колени+спина) для планирующих беременность женщин - проверим, расскажем о мерах предосторожности (буклет) в формате Школы?,cb809b14-894d-4396-95d8-a4ec95b7954f,клиника'),(117,' г.Одесса Реклама в лифтах! В Одессе мы являемся владельцами рекламных щитов в лифтах – жилых домах в 2-х спальных районах Таирово -630 лифтов и пос.Котовского-500лифтов Цены приведены ниже: Формат А5-2400грн –Таирово Формат А5-2000грн- пос.Котовского Есть формат А6( 1000грн ), А5, А4, А3 Если Вы у нас размещаетесь длительно форматом А4 или А3 (мин.3 месяца)- для Вас будет скидка 30%. выход рекламы 8 числа каждого месяца. На данный момент предлагаю Вам, разместится, Выход 8 августа по 8 сентября 2014г.(реклама выходит каждое 8 число) Иванна 050-536-90-36 или 096-62-63-661, bidun87@gmail.com,cb809b14-894d-4396-95d8-a4ec95b7954f,4a41b0cc-a916-4af2-b78a-c9974342b942,клиника,реклама'),(338,'разослать прайсы страховым,  добавить скидку 10% за объем\n,__trash,cee9abb2-b366-4630-becf-b5417640e4d8,__trash,сделано'),(449,'добавить матиязук в СВ 489 25.04.2002  \n,__trash,__date200205,__date2002W18,__date20020504,cee9abb2-b366-4630-becf-b5417640e4d8,__trash,__date200205,__date2002W18,__date20020504,сделано'),(119,'закончить анкету удаленного предварительного осмотра\nучесть инфу со штатов\nпредоплата через сайт / реквизиты,cb809b14-894d-4396-95d8-a4ec95b7954f,клиника'),(120,'сделать полные описания по диагнозам - потом урезать, а полные закинуть на Ревмо.инфо,cb809b14-894d-4396-95d8-a4ec95b7954f,c050b81f-5440-4aec-8397-1e63f9e54b2e,клиника,сайт'),(121,'бить ортопедические салоны,cb809b14-894d-4396-95d8-a4ec95b7954f,c050b81f-5440-4aec-8397-1e63f9e54b2e,клиника,сайт'),(122,'добить раздел Сан-кур лечения,cb809b14-894d-4396-95d8-a4ec95b7954f,c050b81f-5440-4aec-8397-1e63f9e54b2e,клиника,сайт'),(123,'бить раздел Справочник,cb809b14-894d-4396-95d8-a4ec95b7954f,c050b81f-5440-4aec-8397-1e63f9e54b2e,клиника,сайт'),(124,'выложить полный прайс в ПДФ,cb809b14-894d-4396-95d8-a4ec95b7954f,c050b81f-5440-4aec-8397-1e63f9e54b2e,клиника,сайт'),(125,'сделать блок \"Зачем лайкать в ФБ\" - акции, доп инфа....,cb809b14-894d-4396-95d8-a4ec95b7954f,c050b81f-5440-4aec-8397-1e63f9e54b2e,клиника,сайт'),(474,'доделать стандарт по гиалуронке в письменном виде и довести до врачей \n ,757b817c-b636-4c3c-bfd7-5d96b3bb1628,004aa11a-a0c9-41a9-b1a6-1deeadae9399,cb809b14-894d-4396-95d8-a4ec95b7954f,СХ,туду,клиника'),(127,'контент по санкур: http://www.sanatoria.ru/soderzhanie.php?kniga=5,2329cdc8-a8f8-41fd-aa7f-deff5f68df8e,остеоартроз'),(257,'сделать евробуклет из самомассажа, массажа и ЛФК\n,bfa26fe4-140c-4b13-8efb-745e05c55d92,__trash,полиграфия,__trash'),(437,'зарегать домен рембра  \n,__trash,cee9abb2-b366-4630-becf-b5417640e4d8,__trash,сделано'),(130,'Проводить бесплатные семинары по иммунобиологии - цель сделать групповую покупку Хумиры,cb809b14-894d-4396-95d8-a4ec95b7954f,0c93f62d-f8ed-49fe-b530-a7af13230172,клиника,учебный центр'),(131,'егору резинки для крепежа простынок  ,0c3c3857-576f-4ea8-99c4-cf9e051b3f77,купить'),(132,' удлинители\n ,cee9abb2-b366-4630-becf-b5417640e4d8,__trash,сделано,__trash'),(133,'защитную планку на ресепшн для проводов - вместе с ремонтом  ,0c3c3857-576f-4ea8-99c4-cf9e051b3f77,купить'),(134,'приклеить уголки оббитые (ресепшн 3 шт.) - вместе с ремонтом  ,0c3c3857-576f-4ea8-99c4-cf9e051b3f77,купить'),(500,'добить лендинг ,790ad9cf-8cd1-469d-9316-dc8e1eb2c591,рембрус'),(135,'динамометр, спирометр, угломеры  ,0c3c3857-576f-4ea8-99c4-cf9e051b3f77,купить'),(136,'2 низких вешалки-стойки (егор и славик)  ,0c3c3857-576f-4ea8-99c4-cf9e051b3f77,купить'),(137,'2 стойки для журналов  ,0c3c3857-576f-4ea8-99c4-cf9e051b3f77,купить'),(138,'тренажер? (после аккредитации) - другой кабинет!,__trash,__trash'),(501,'написать минимальный хелп по юзанию ,790ad9cf-8cd1-469d-9316-dc8e1eb2c591,рембрус'),(139,'сделать опросник для врачей по качеству работы медсестер,cb809b14-894d-4396-95d8-a4ec95b7954f,74979eba-fafd-4ad4-b35f-a2b70b174207,клиника,хотелка'),(225,'договор с АХА и потом взбодрос всех страховых (кому-то новый прайс, кому-то досвидос),__trash,__trash'),(272,'- еще полезная фича для заметок распозновать деньги, а точнее суммы, указанные в заметке. по сути легко вести записи персональных финансов, дата записи кажлой есть, построить лог приход/расход элементарно\n- расшаривание: тупо в настройках тагов, делаешь новый таг с именем любым как тебе удобно #Милыйпупс и пишиешь чье-то мыло (можно добавить все доступные мессендежеры). все посты с таким тагов уходят на почту/мессенджер или вылазят во входящих если это мыло в нашей системе\n\n- почтовый заеб: чтобы система писала мне письма. типа \"сделанное егодня\", \"планы на завтра\". такой се срез данных за день.\n\n- наверное какието таги надо резервировать за системой?\n\n- добавь комменты к заметкам и получай соц сеть,d28d0c86-7295-44e9-8a61-3409d745022e,заметки'),(141,'Бальная система для определения бонусов и штрафов по итогам месяца:\n- если нет минусов, то +10% к зарплате;\n- если до 3 минусов - обнуляем и просто зарплата;\n- если больше 3 минусов, то -1% от зарплаты за каждый минус.\n\nМинус снять нельзя! За мелочь сначала предупреждение, второе замечание за день - минус. Система работает по принципу \"добрый царь\" - кого хочу, того и минусую :)  ,74979eba-fafd-4ad4-b35f-a2b70b174207,хотелка'),(142,'\"Суперпапка\" для пациентов при первом визите,cb809b14-894d-4396-95d8-a4ec95b7954f,74979eba-fafd-4ad4-b35f-a2b70b174207,клиника,хотелка'),(143,'расчет стоимости лечения,757b817c-b636-4c3c-bfd7-5d96b3bb1628,СХ'),(144,'расписать схему для сан-кур лечения (закрыть вопрос в пятницу),757b817c-b636-4c3c-bfd7-5d96b3bb1628,СХ'),(145,'наладить сотрудничество: лор, рентген и т.д. (Саша что-то делала),cb809b14-894d-4396-95d8-a4ec95b7954f,74979eba-fafd-4ad4-b35f-a2b70b174207,клиника,хотелка'),(146,'Сделать персонофицированный реестр спецодежды с планом обновления + резерв,cb809b14-894d-4396-95d8-a4ec95b7954f,117e7d72-4735-499f-b7f3-17960fd6e611,клиника,оксана'),(147,'лампа у Н.В.	\nподключить телек к УЗИ в суставной\nперекомпилить фильм про ЛФК РАМН,6674ecc8-0253-4748-86f6-f26587998b11,сашка'),(148,'Сделаны, надо вычитывать\nОтвет на звонок, Общие правила ведения беседы, Обращение при прозвоне, Дайте поговорить с доктором, Звонок третьего лица и т.д.,cb809b14-894d-4396-95d8-a4ec95b7954f,клиника'),(149,'Провести аттестацию админам и разделить обязанности\nтекущий график, предварительная запись, прозвоны, страховые, электронка (анализы, запись, запросы), расчет пациентов, контроль наличия и проштампованности направлений,cb809b14-894d-4396-95d8-a4ec95b7954f,клиника'),(150,'Предварительная оплата депозита с бонусом - безвозвратно, со конечным сроком,cb809b14-894d-4396-95d8-a4ec95b7954f,74979eba-fafd-4ad4-b35f-a2b70b174207,клиника,хотелка'),(250,'Развить направление лечения за рубежом - тоже эндопротезирование, детки,74979eba-fafd-4ad4-b35f-a2b70b174207,cb809b14-894d-4396-95d8-a4ec95b7954f,хотелка,клиника'),(249,'Разместить рекламу клиники для врачей в Компендиуме,cb809b14-894d-4396-95d8-a4ec95b7954f,4a41b0cc-a916-4af2-b78a-c9974342b942,клиника,реклама'),(248,'Скорая помощь, когда нет медсестер - что, где, как...,757b817c-b636-4c3c-bfd7-5d96b3bb1628,cb809b14-894d-4396-95d8-a4ec95b7954f,СХ,клиника'),(247,'Электронная очередь,74979eba-fafd-4ad4-b35f-a2b70b174207,cb809b14-894d-4396-95d8-a4ec95b7954f,хотелка,клиника'),(246,'Запрет/ограничение сотрудникам трындеть по мобильному в рабочее время,1402cdc6-81ce-40f1-95dd-57af5675a298,cb809b14-894d-4396-95d8-a4ec95b7954f,перезагрузка,клиника'),(245,'График сдачи одежды в стирку,117e7d72-4735-499f-b7f3-17960fd6e611,cb809b14-894d-4396-95d8-a4ec95b7954f,оксана,клиника'),(244,'Указывать срок годности для назначенных манипуляций,cd78966b-f0c6-4489-ac2e-c7eb77cd745f,cb809b14-894d-4396-95d8-a4ec95b7954f,бланки,клиника'),(157,'сделать на обратной стороне бланков контекстную инструкцию + схему лечения,cd78966b-f0c6-4489-ac2e-c7eb77cd745f,cb809b14-894d-4396-95d8-a4ec95b7954f,74979eba-fafd-4ad4-b35f-a2b70b174207,бланки,клиника,хотелка'),(152,'Оракал	\nподписи кабинетов (9 штук)\nТОВ \"Ревмоцентр\" на вход\nнаклейки с адресом сайта на машину - 3 шт.\nлоготип на пластике не ресепшен\nуголки потребителя\nкарманы для акций на ресепшене\n2 \"стрелки-указателя\" в арку,cb809b14-894d-4396-95d8-a4ec95b7954f,клиника'),(153,'Разобраться с ответом по электричеству (шо такое ТП и как оно делится, почему остальное делится поровну),cb809b14-894d-4396-95d8-a4ec95b7954f,клиника'),(340,'поправить сайт Школы по ОА'),(477,'https://www.youtube.com/watch?v=4lZg6Di1Hjk\n,7bae6f4d-2330-419a-a02f-b86a29f12660,даша'),(303,'мелехина: добавить в план повышения квалификации (2.12) и план медицинских книжек (7.18),9cd07b90-1c2d-4f60-a730-0a9bcdc66046,аккредитация'),(502,'поправить хедер ,790ad9cf-8cd1-469d-9316-dc8e1eb2c591,рембрус'),(156,'подготовить тему с оплатой через банк за товары партнеров: ортезы, корсеты, гиалурон,cb809b14-894d-4396-95d8-a4ec95b7954f,клиника'),(439,'http://phenix.kiev.ua/product/cooper-hunter-s09lhrp/ установка 1100  \n \n,cee9abb2-b366-4630-becf-b5417640e4d8,__trash,сделано,__trash'),(258,'http://nazva.net/logic_test5/'),(158,'напечатать \"квадраты\" для заметок с нашим лого и инфой с одной стороны,cb809b14-894d-4396-95d8-a4ec95b7954f,bfa26fe4-140c-4b13-8efb-745e05c55d92,клиника,полиграфия'),(159,'067 234-37-89 Дима - civilka.com.ua - ОСАГО,4463fff9-4c46-413b-94b8-81d1ddc5a8d9,контакты'),(281,'кидать алерт \"а ты точно доктор?\" если есть таг \"врачу\",69a4f9b7-47a0-4b4e-8795-8f5d69bf8c72,ревматология'),(161,'http://www.arthrolink.com/,2329cdc8-a8f8-41fd-aa7f-deff5f68df8e,остеоартроз'),(162,'сделать А4 текст про Бледсо и куда обращаться в случае чего, а с другой стороны на этом листе печатать счета на ортезы,cb809b14-894d-4396-95d8-a4ec95b7954f,2031d357-a908-4035-bf52-32845cd56e69,клиника,ортезы'),(163,'дисконтная карта: заполнение анкеты с разрешением спамить, консультация (сколько?), сумма денег?, отправить 1 человека в клинику\n\nППшникам +5%, которая плюсует ко всем действующим скидкам, если скидки нет на услуге, значит стала 5%,94caf025-b52b-4f7d-b58f-ee6f6a316895,прайс'),(164,'атеросклероз, гипертония, варикозная болезнь нижних конечностей - общая инфа, диета и образ жизни - найти готовые памятки и выдавать с УЗИ по команде Егора \n,74979eba-fafd-4ad4-b35f-a2b70b174207,хотелка'),(165,'скидка на консультацию 5% при предварительной оплате через банк,94caf025-b52b-4f7d-b58f-ee6f6a316895,прайс'),(332,'насчет цикличных заметок, у тебя есть в туду фича типа \"выслать на емейл заметки на экране\", считай экспорт. так мона себе заливать в систему заметок контент. Например, это может быть спорт прошграмма кача, диета, любая рутина с майлстоунами\n[17:54:38] Христофор: сюда же прием лекарст по схеме\n[17:54:49] Христофор: т.е. нужна возможноть и экспортировать из системы и импортировать\n[17:54:55] Христофор: по сути это лента заметок с тагами\n[17:55:27] Христофор: но есть много контента которым можно обмениваться - выше упомяныте системы занятий,d28d0c86-7295-44e9-8a61-3409d745022e,заметки'),(280,'067 844-88-44 жора скважина,4463fff9-4c46-413b-94b8-81d1ddc5a8d9,82ee9c25-d934-4953-a2cb-ff8f3c72cceb,контакты,личное'),(167,'Сделать выборку ключевиков и через http://wordstat.yandex.ru/ выбрать интересные запросы rheumo.info,69a4f9b7-47a0-4b4e-8795-8f5d69bf8c72,de7c07e9-062a-4836-a20a-ea6e979853c0,ревматология,артикулар'),(168,'система тренивровак TRX - ЛФК,cb809b14-894d-4396-95d8-a4ec95b7954f,клиника'),(438,'222111ggggggggd333dddddsome new ndddddddote   wewrer bbb    dfgdfg\n \n \n \n \n \n,a881e366-c10b-4076-88bc-8cabde5ef7f6,tar'),(426,'Хотите видеть то что завтра? запиньте таг \"завтра\",__date2015-07-21,__date2015-07-23,__date2015-W30,__date2015-07,d053db1c-1e6e-4296-a557-74afe4c237b3,today,day2015-07-23,this week,this month,заметки'),(231,'РА (верстка, картинки, SEO, кнопку ЗАПИСАТЬСЯ на правую панель)\nОА (верстка, картинки, SEO, кнопку ЗАПИСАТЬСЯ на правую панель)\nПодагра (кнопку ЗАПИСАТЬСЯ на правую панель),e6c89df7-5943-4862-ad45-121c0c693ad3,cb809b14-894d-4396-95d8-a4ec95b7954f,004aa11a-a0c9-41a9-b1a6-1deeadae9399,сегодня,клиника,туду'),(170,'код папиной зп карты 1212'),(171,'В теле человека 239 суставов. ,cb809b14-894d-4396-95d8-a4ec95b7954f,4a41b0cc-a916-4af2-b78a-c9974342b942,клиника,реклама'),(172,'иногда бывает случайно удаляю заметки, корзина не помешает :),d28d0c86-7295-44e9-8a61-3409d745022e,заметки'),(173,'http://www.mynet.ua/price/\nТариф:\nUnlim Micro +20 Мбит\n– за три месяца: 153 грн., цена месца: 51 грн. \nКод для оплаты: 200597. ,15b5910f-02dd-4376-bfed-0f0f73a22e88,леси'),(226,'пополнить всю полиграфию инфой по Фейсбуку,cb809b14-894d-4396-95d8-a4ec95b7954f,bfa26fe4-140c-4b13-8efb-745e05c55d92,клиника,полиграфия'),(175,'международный день врача - первый понедельник октября (01/10),cb809b14-894d-4396-95d8-a4ec95b7954f,16ebdeaa-a45a-4d63-8be6-f8fc51f3c609,клиника,инфоповод'),(177,'подобрать картинки-схемы с сосудами для заключения дуплекса сосудов ,cb809b14-894d-4396-95d8-a4ec95b7954f,74979eba-fafd-4ad4-b35f-a2b70b174207,клиника,хотелка'),(178,'05/10 ТО шкоды ети,1dbc7e17-f8fb-47a1-a518-b0572dfd1f6c,шкода'),(181,'кардинально обновленный буклет клиники с новыми фотками!!!,cb809b14-894d-4396-95d8-a4ec95b7954f,bfa26fe4-140c-4b13-8efb-745e05c55d92,клиника,полиграфия'),(182,'050 355-04-01 Вячеслав (Перун) обслуживание огнетушителей,cb809b14-894d-4396-95d8-a4ec95b7954f,4463fff9-4c46-413b-94b8-81d1ddc5a8d9,клиника,контакты'),(183,'апгрейднуть Ревмотест http://rheumo.info анализатором РФ, СРБ, АСЛО, Антиццп...,69a4f9b7-47a0-4b4e-8795-8f5d69bf8c72,ревматология'),(184,'мвт 01 | мит 11 физиопроцедуры,cb809b14-894d-4396-95d8-a4ec95b7954f,клиника'),(185,'10/2015 ТО огнетушителей,cb809b14-894d-4396-95d8-a4ec95b7954f,клиника'),(420,'позвонить де 07/28,__date2015-07-28,__date2015-W31,__date2015-07,day2015-07-28,week2015-W31,month2015-07'),(187,'050 857 93 54 Юлия Юлаева,cb809b14-894d-4396-95d8-a4ec95b7954f,4463fff9-4c46-413b-94b8-81d1ddc5a8d9,клиника,контакты'),(188,'вакуумный массажер славику,cb809b14-894d-4396-95d8-a4ec95b7954f,74979eba-fafd-4ad4-b35f-a2b70b174207,клиника,хотелка'),(189,'терминалы привата 0505686691 Дмитрий (Щербаков Сергей Юрьевич),4463fff9-4c46-413b-94b8-81d1ddc5a8d9,cb809b14-894d-4396-95d8-a4ec95b7954f,74979eba-fafd-4ad4-b35f-a2b70b174207,контакты,клиника,хотелка'),(190,'зарплатные карточки привата Яна Кожевникова 0637741790,cb809b14-894d-4396-95d8-a4ec95b7954f,4463fff9-4c46-413b-94b8-81d1ddc5a8d9,клиника,контакты'),(191,'сделать инструкцию для персонала по поведению: например не бросать пациента одного. не убегать вперед со словами не спешите и т.д.,cb809b14-894d-4396-95d8-a4ec95b7954f,74979eba-fafd-4ad4-b35f-a2b70b174207,клиника,хотелка'),(192,'235-56-29 Екатерина Ивановна - главбух Выдренко,cb809b14-894d-4396-95d8-a4ec95b7954f,4463fff9-4c46-413b-94b8-81d1ddc5a8d9,клиника,контакты'),(193,'лекарства по подписке по сниженой цене,cb809b14-894d-4396-95d8-a4ec95b7954f,74979eba-fafd-4ad4-b35f-a2b70b174207,клиника,хотелка'),(194,'закинуть текст в Ортезы и подумать над листовкой (скрининг ОА полюбасу),cb809b14-894d-4396-95d8-a4ec95b7954f,клиника'),(484,'дока по телемедицине   ,757b817c-b636-4c3c-bfd7-5d96b3bb1628,004aa11a-a0c9-41a9-b1a6-1deeadae9399,cb809b14-894d-4396-95d8-a4ec95b7954f,СХ,туду,клиника'),(196,'зафигачить артикулар (2 гиалгана, синокром уан, ренехавис) - поменять концепию общую, дизайн в духе лендинг пейдж'),(197,'Лева Василяк (д/р 9/12/2011)'),(277,'- полный список лабораторий Киева (собрать сразу на сайте),a2f2c4c1-c45e-4064-8e10-93bb504e780a,ойболит'),(198,'10/12 денрик Юли Ховко,4463fff9-4c46-413b-94b8-81d1ddc5a8d9,cb809b14-894d-4396-95d8-a4ec95b7954f,контакты,клиника'),(199,'095 380-10-72 Лариса Михайловна журнал \"Домашний доктор\",cb809b14-894d-4396-95d8-a4ec95b7954f,4463fff9-4c46-413b-94b8-81d1ddc5a8d9,клиника,контакты'),(200,'прозванивать пациентов после визита, анкета опросник по качеству, чтото еще,cb809b14-894d-4396-95d8-a4ec95b7954f,74979eba-fafd-4ad4-b35f-a2b70b174207,клиника,хотелка'),(201,'9 февраля Юля, 13 февраля Лада, 21 февраля Виталик'),(202,'отобрать форумы/факи/группы по тематике и принять активное участие в обсуждениях,cb809b14-894d-4396-95d8-a4ec95b7954f,4a41b0cc-a916-4af2-b78a-c9974342b942,клиника,реклама'),(203,'http://www.seonews.ru/analytics/10-instrumentov-veb-analitiki-na-kotorye-stoit-obratit-vnimanie/\nhttp://www.seonews.ru/analytics/11-besplatnykh-instrumentov-dlya-seo-spetsialistov/\nhttp://www.seonews.ru/analytics/instrumenty-seo-kopiraytera-chast-1/\nhttp://www.seonews.ru/masterclasses/prakticheskoe-primenenie-instrumentov-web-analitiki/\nhttp://www.seonews.ru/analytics/instrumentyi-dlya-monitoringa-beklinkov/\nhttp://www.seonews.ru/analytics/7-instrumentov-dlya-povysheniya-konversii/,18f1e368-543f-40f4-8293-370f4e07ea34,9f400981-d025-4431-9c54-624fdad6d35b,seo,прочитать'),(204,'внедрить в прайс заочную консультацию или экспертизу документов,cb809b14-894d-4396-95d8-a4ec95b7954f,клиника'),(431,'deerfe sdfsdfsdf'),(432,'URAAAAAAAAAAAAer er e'),(169,'при манипуляциях, если не указано в заключении (пришел в дрйгоу день) выдавать бумажку мол проведено тото, введено тото и т.д. + фиксировать если манипулция не состоялась, т.к. синовит рассосался?'),(94,'06/2014 - третье воскресенье - день медика\nв 2015 года это 21 июня,cb809b14-894d-4396-95d8-a4ec95b7954f,16ebdeaa-a45a-4d63-8be6-f8fc51f3c609,клиника,инфоповод'),(206,'сделать \"Консультацию ревматолога\" на дому. Обсудить нюансы.'),(372,'обновить цены на дипроспаны и прочие медикаменты в прайсе (по мере готовности 1с)\n \n \n ,__trash,e6c89df7-5943-4862-ad45-121c0c693ad3,cb809b14-894d-4396-95d8-a4ec95b7954f,__trash,сегодня,клиника'),(207,'Подготовить Школу по остеохондрозу с Егором. 200 грн с человека, до 10 человек группа. 2 часа длительность занятия. Цикл - 1 занятие\n услуги'),(74,'du -sh *,95b3b4a0-7ff0-469b-8935-5c5ade74ca55,c0bbf165-0cb4-4eb7-bf0e-f2496f4893f6,95b3b4a0-7ff0-469b-8935-5c5ade74ca55,c0bbf165-0cb4-4eb7-bf0e-f2496f4893f6,linux,filesystem,linux,filesystem'),(243,'управление тагами:\n- избранное. отдельный блок дето сверху с избранными тагами\n- частые. отдельный блок дето сверху с частыми за последний период тагами (избранные не всегда будут частыми)\nили найти какой-то компромисс между ними,d28d0c86-7295-44e9-8a61-3409d745022e,заметки'),(128,'еврофлаер для Школы ОА (с расчетом ИМТ и рекламой ФБ),2329cdc8-a8f8-41fd-aa7f-deff5f68df8e,004aa11a-a0c9-41a9-b1a6-1deeadae9399,остеоартроз,туду'),(285,'у меня есть 3 статьи на Медицина.уа - Artem <artem@medicina.ua>,4a41b0cc-a916-4af2-b78a-c9974342b942,cb809b14-894d-4396-95d8-a4ec95b7954f,реклама,клиника'),(259,'http://www.analizmarket.ru/\nhttp://testresult.org/\nhttp://www.polismed.com/analiz-mochi.html\nhttps://lab4u.ru/medcenters/\nhttp://www.medanalizi.ru/,a2f2c4c1-c45e-4064-8e10-93bb504e780a,50a03b17-122b-4b74-b9f1-defd4af73256,ойболит,гнилорыбов'),(422,'fffпозвонитffeee ь электрику 07/22'),(435,'ewwrwe   dddddeeeeeeeeeddddd1231\n   \n \n ,77036312-1e03-48c9-b9d9-dec87b599faa,1c53d4b9-453e-46e7-9d9f-78b1025d0ef9,NEWTAG,html'),(424,'пнуть дмитри 07/22,__date2015-07-22,__date2015-07-20,__date2015-W30,__date2015-07,tomorrow,day2015-07-20,this week,this month'),(264,'the more todo you keep in the code the more professional you are,d10c0eca-1600-4ad2-a4f9-420f554fb9e1,2cca0291-18b1-41ac-8b6e-464dadc11eb1,f866a0b2-f2f0-49ce-9dba-14c9d3c825d7,programming,interview,twitter'),(266,'phpcs,9923afcd-7aa0-4b63-991b-1c0147488aac,ufirst'),(267,'http://rjv.im/post/78940780589/api-token-authentication-with-laravel-and-sentry,2690a240-cbfc-4d89-8276-a6884cd3071a,read'),(268,'http://lib.ru/ANEKDOTY/FEINMAN/feinman.txt_with-big-pictures.html,2690a240-cbfc-4d89-8276-a6884cd3071a,read'),(269,'https://pragprog.com/magazines/2013-01/functional-programming-basics,2690a240-cbfc-4d89-8276-a6884cd3071a,read'),(394,'096 484-75-14 Саша дрова от Сергея СТО,4463fff9-4c46-413b-94b8-81d1ddc5a8d9,контакты'),(273,'таги: по умолчанию выводить 10 (в настройках тагов можно указать любое количество). В 10ку входят самые частые. Если у выбранного тага более 10 связанных тагов, то аналогично выводятся самые частые и т.д. Обязательно добавить ссылку: Все таги,d28d0c86-7295-44e9-8a61-3409d745022e,заметки'),(282,'http://mrj.ima-press.net/index.php/mrj/issue/archive,265c5ac0-e15f-4d91-ba61-3c23db94d0f9,69a4f9b7-47a0-4b4e-8795-8f5d69bf8c72,контент,ревматология'),(370,'список тагов в подстановке: вывод ТОП 10, по мере набора подсвечивать из всей базы,d053db1c-1e6e-4296-a557-74afe4c237b3,заметки'),(284,'померять подвал под морозилку 70x70x100'),(263,'найти и добавить нужные для обучения кведы до конца лета,1402cdc6-81ce-40f1-95dd-57af5675a298,004aa11a-a0c9-41a9-b1a6-1deeadae9399,cb809b14-894d-4396-95d8-a4ec95b7954f,b6473d98-6329-4204-987e-8343cc59196f,перезагрузка,туду,клиника,бух'),(286,'http://alanstorm.com/magento_advanced_orm_entity_attribute_value_part_1,2690a240-cbfc-4d89-8276-a6884cd3071a,read'),(288,'комплексная программа впаривания фармкомпаний - раскрутка рематологии, школы, учебные мероприятия,__trash,__trash'),(292,'ТОВ \"Кивач\"\neko-kivah@ukr.net\n(044) 360-21-18\nУтилищзация медицинских отходов,4463fff9-4c46-413b-94b8-81d1ddc5a8d9,cb809b14-894d-4396-95d8-a4ec95b7954f,контакты,клиника'),(296,'Лсомтвадлитвпдшвтаидшватив'),(222,'школа ОА сайт: сплеш, видео, урезать сайт до 3 занятий, собрать и упорядочить домашки/опросники,9faba6f3-f39c-4b02-8b61-50000b5db84d,школа'),(224,'резинку егору, слив у Оксана'),(503,'украинская символика\n,c5227c7d-59b9-4e0a-a95c-ca580f3ee744,подарки'),(498,'внести папины правки и напечатать ему крупным планом 3-5 копий  ,__trash,__dateInvalid date,e6c89df7-5943-4862-ad45-121c0c693ad3,004aa11a-a0c9-41a9-b1a6-1deeadae9399,__trash,__dateInvalid date,сегодня,туду'),(295,'Бчостмдлчативдаштмвщшамтва'),(289,'get all customers who ordered at least one product with brand = \'Adidas\' since 2015\nbrand attribute_code is \'brand\', varchar\n ,9b7e43b0-2414-4edd-b40f-aeff6c0bf2b5,2cca0291-18b1-41ac-8b6e-464dadc11eb1,magento,interview'),(290,'[11:36:02] Dmitry Volik: ты имеешь ввиду вывод предстоящих заметок наверх?\n[11:36:21] Христофор: да111\n[11:36:34] Христофор: считай - функция напоминания\n[11:36:50] Христофор: да и письмо вечером с проебнными задачми должно бордрить\n,d053db1c-1e6e-4296-a557-74afe4c237b3,заметки'),(306,'педиатрия:педиатр/ревматолог/ортопед (упор на опорно-двигательный), узи детям (суставы, сосуды, ОБП), манипуляционная (в/м, в/в, в/с, прививки) в густонаселенном районе + педиатр на выезд + консультация педиатра по телефону/скайпу,44314b99-3e38-41d4-b6ea-7c93fb90dbcb,стартап'),(307,'Ух ты, новая система говорите?...'),(308,'Не все так просто :)'),(309,'any difference\n$product->getCreatedAt()\n$product->getCreatedAt\n$product->getData(\'created_at\'),9b7e43b0-2414-4edd-b40f-aeff6c0bf2b5,2cca0291-18b1-41ac-8b6e-464dadc11eb1,magento,interview'),(318,'Даша, возьми свои вещи.\n - У меня только сумочка, там должен быть только телефон, ключи и помада,7bae6f4d-2330-419a-a02f-b86a29f12660,10618216-2c6a-4abb-b314-0925670d7237,даша,4года'),(319,'! проекты надо делать только так, чтобы учится чемуто а не так чтобы просто сдать. \nто есть клиент платит за твое обучение :) !,f3574d8b-e0a9-454b-800c-d3cb79f4fecb,7563c159-47f0-4de4-a676-ec3f823c28ef,dev,quotes'),(129,'пройтись по всей базе и проплюсовать хорошие статьи, проминусовать фигню, поправить таги, исправить глюки в облаке тагов,69a4f9b7-47a0-4b4e-8795-8f5d69bf8c72,87c030f1-3b8f-4d11-b0d2-876cb1b0691a,87c030f1-3b8f-4d11-b0d2-876cb1b0691a,ревматология,дмитро,дмитро'),(369,'дал Юре Председателю в долг 300 грн 03.07.15,8b01323f-974d-4c6a-8243-9b1523798fa2,бабло'),(310,'пап как будет \"скоро машина\"? ммм... скоро машина. Неее, швидка допомога,7bae6f4d-2330-419a-a02f-b86a29f12660,10618216-2c6a-4abb-b314-0925670d7237,даша,4года'),(339,'https://www.youtube.com/watch?v=VSdnJDO-xdg <a href=\"gogle.com\">asdas</a>,12c488bb-7949-4212-b61e-ea52acc6ee68,2690a240-cbfc-4d89-8276-a6884cd3071a,watch,read'),(368,'дал Юре Председателю 850 грн на трансформатор,8b01323f-974d-4c6a-8243-9b1523798fa2,бабло'),(320,'Разделы новой Ревматологии:\n- чем занимаются ревматологи (когда надо обратиться к ревматологу)\n- заболевания (общее тупо списком диагнозов)\n- иммунобиологическая терапия\n- реестр ревматологов Украины\n- мероприятия\n- ревмоблог\n\nРевмо.инфо\n- скорая/первая помощь (описание способов помочь себе до визита)\n- ревмотест\n- заболевания (выкладывать описание или протокол лечения? )\n- препараты\n- клинические исследования (объяснение что это и форма регистрации для пациентов),69a4f9b7-47a0-4b4e-8795-8f5d69bf8c72,ревматология'),(346,'2 наказа и пачку положень по охране труда,cb809b14-894d-4396-95d8-a4ec95b7954f,9cd07b90-1c2d-4f60-a730-0a9bcdc66046,e6c89df7-5943-4862-ad45-121c0c693ad3,клиника,аккредитация,сегодня'),(430,'http://fotos.ua/c-h/ch-s09lhrp.html\n,__trash,cee9abb2-b366-4630-becf-b5417640e4d8,__trash,сделано'),(334,'what is your start po2222int when you gonna develop something? (how to test, wireframes, uml?)\n   ,2cca0291-18b1-41ac-8b6e-464dadc11eb1,f3574d8b-e0a9-454b-800c-d3cb79f4fecb,338adf8a-d42e-4b59-9d25-7122c63db471,interview,dev,tech'),(333,'везде, где есть обращения или жалобы, побочные явления - делать справку типа за такой-то период не было + охрану труда добить положення и прчую муть,9cd07b90-1c2d-4f60-a730-0a9bcdc66046,аккредитация'),(344,'redis-cli -s /var/run/redis/redis-magento-cache.sock -n 1\ndel done:product_attribute:033137722:Far\nGET done:availability:CH:067164897410\nHKEYS done:availability:CH:067164897410\nkeys failed*\n \n ,9923afcd-7aa0-4b63-991b-1c0147488aac,60bc2fd3-4c31-499a-ab2f-211bc8e40564,ufirst,redis'),(328,'уплата единого за 2 квартал - фоп\n,cee9abb2-b366-4630-becf-b5417640e4d8,__trash,сделано,__trash'),(473,'было бы круто ЧПУ заиметь в плане:\nhttp://rembr.us/клиника/сегодня\n[11:36:27] Христофор: ну таги в ЧПУ выбранные\n[11:36:35] Христофор: или хот линк )\n[11:36:54] Христофор: если я знаю чо мне нуна я сразу с адресу отбор сделаю\n,790ad9cf-8cd1-469d-9316-dc8e1eb2c591,рембрус'),(348,'www.startssl.com\n,d053db1c-1e6e-4296-a557-74afe4c237b3,заметки'),(371,'синхронизация избранного в хроме в обе стороны,d053db1c-1e6e-4296-a557-74afe4c237b3,заметки'),(380,'дал 900 грн Юре Председателю на ремонт,8b01323f-974d-4c6a-8243-9b1523798fa2,бабло'),(433,'ere sssssssssssss'),(434,'asdasda'),(364,'сделать рекламу паравертебральных блокада,e6c89df7-5943-4862-ad45-121c0c693ad3,cb809b14-894d-4396-95d8-a4ec95b7954f,сегодня,клиника'),(441,'sdfs dfsdfg  dfgd                  erg efgdfgdfgdf   gdf gdfg df dfg dfgdf fdfgdf  fsdf dfg df  d    http://getjump.me/ru-php-the-right-way/ \n,2690a240-cbfc-4d89-8276-a6884cd3071a,read'),(442,'я начал подозревать ,a5a0f440-1d51-4353-8c9e-8ab0878236ea,english'),(443,'asdasddd ssssssss\n       !,a881e366-c10b-4076-88bc-8cabde5ef7f6,338adf8a-d42e-4b59-9d25-7122c63db471,d10c0eca-1600-4ad2-a4f9-420f554fb9e1,9b7e43b0-2414-4edd-b40f-aeff6c0bf2b5,13e0b0ea-7148-4e16-b28b-9f9d3c1adfd7,tar,tech,programming,magento,css'),(444,'Юра Председатель 1000 грн в долг 31/08/15 ,8b01323f-974d-4c6a-8243-9b1523798fa2,бабло'),(445,'https://www.digitalocean.com/community/tutorials/initial-server-setup-with-ubuntu-14-04 ,2690a240-cbfc-4d89-8276-a6884cd3071a,read'),(446,'sudo ibus restart ,52ff2288-2790-4f54-8ce1-0a744aa70ba3,phpstorm'),(447,'fixed order manully (via Billpay API), refunded offline, marked order as done in synclog\n \n ,aad41c0e-fbf2-451b-863b-20ea4ed268d6,9923afcd-7aa0-4b63-991b-1c0147488aac,billpay,ufirst'),(448,'select * from voegele_catalogsync_orderitemslog where order_item_id IN(select item_id from sales_flat_order_item where order_id=103083);\n\nupdate voegele_catalogsync_orderitemslog set state=\'done\' where order_item_id IN(select item_id from sales_flat_order_item where order_id=103083);\n\n \n ,aad41c0e-fbf2-451b-863b-20ea4ed268d6,9923afcd-7aa0-4b63-991b-1c0147488aac,billpay,ufirst'),(450,'добавить в прайс \"Наложение эластичного бинта\"  ,__trash,94caf025-b52b-4f7d-b58f-ee6f6a316895,__trash,прайс'),(451,'how magento handles exceptions? when it print them, when logs, when report\n ,9b7e43b0-2414-4edd-b40f-aeff6c0bf2b5,2cca0291-18b1-41ac-8b6e-464dadc11eb1,magento,interview'),(452,'http://estet-portal.com/articles/krasota-i-zdorove/chudesa-kotorye-planka-sotvorit-s-vashim-telom  ,e6c89df7-5943-4862-ad45-121c0c693ad3,e72bdd93-7d0c-4d4c-8336-e901e927bfc7,сегодня,зарядка'),(454,'not my own, compilation, was always interested am I right? too late of blacksocks I saw a code there\n not everything is true = many browsers many jquery versions\n \n \n ,9923afcd-7aa0-4b63-991b-1c0147488aac,a9da9812-7f06-45d3-9bc8-37adb0bebbeb,ufirst,workshop'),(455,'пнуть дмитри 07/22,__trash,__trash'),(456,'пнуть дмитри 07/22,__trash,__trash'),(457,'http://habrahabr.ru/company/piter/blog/264517/\n,2690a240-cbfc-4d89-8276-a6884cd3071a,read'),(458,'http://habrahabr.ru/post/264487/\n    ,9b7e43b0-2414-4edd-b40f-aeff6c0bf2b5,f3574d8b-e0a9-454b-800c-d3cb79f4fecb,3547864c-08f0-429f-9e32-0d55f2a23225,magento,dev,ops'),(460,'собрать единый реестр сотрудников с отметками про отпуски, личные данные   ,cb809b14-894d-4396-95d8-a4ec95b7954f,004aa11a-a0c9-41a9-b1a6-1deeadae9399,b6473d98-6329-4204-987e-8343cc59196f,клиника,туду,бух'),(461,'собрать все превьюхи Ильина + залить на сайт новые фотки  \n   ,cb809b14-894d-4396-95d8-a4ec95b7954f,004aa11a-a0c9-41a9-b1a6-1deeadae9399,be6ed2e0-0b94-47b0-95b0-337a0de0a41c,клиника,туду,ильин'),(462,'Дж. Е. Гордон, «Конструкции, или почему не ломаются вещи»\nДжон Кларк, «Зажигание Неформальная история жидких ракетных видов топлива»\nНик Бостром, «Суперинтеллект: пути, угрозы, стратегии»\nПитер Тиль, «От нуля к единице. Как создать стартап, который изменит будущее»\nЭрик М. Конвей и Наоми Орескес, «Продавцы сомнений»\n\n\n\n,2690a240-cbfc-4d89-8276-a6884cd3071a,read'),(463,'asdasdasd,__trash,__trash'),(464,'http://csomega.com/ru/product/characteristics/printer-pechati-chekov-uns-tp51-02.html  ,cb809b14-894d-4396-95d8-a4ec95b7954f,0c3c3857-576f-4ea8-99c4-cf9e051b3f77,клиника,купить'),(465,'http://www.google.ch/design/spec/components/lists-controls.html\n,d053db1c-1e6e-4296-a557-74afe4c237b3,заметки'),(466,'http://www.iso.org/iso/home/store/catalogue_tc/catalogue_detail.htm?csnumber=57757\nhttps://www.iso.org/obp/ui/#iso:std:iso-hl7:10781:ed-2:v1:en\n ,cb809b14-894d-4396-95d8-a4ec95b7954f,486fa78d-f7ed-4169-aab4-8b1a98ed8e4f,клиника,амц'),(467,'пнуть дмитри 07/22,__date20150722,__date2015W30,__date201507,__date20150722,__date2015W30,__date201507'),(468,'пнуть дмитри 07/22,__trash,__date20150722,__date2015W30,__date201507,__trash,__date20150722,__date2015W30,__date201507'),(469,'пнуть дмитри 07/22\n  ,__date20150722,__date2015W30,__date201507,__date20150722,__date2015W30,__date201507'),(471,'пнуть дмитри 07/22,__date20150722,__date2015W30,__date201507,__date20150722,__date2015W30,__date201507'),(472,'http://www.1c-systems.com.ua/contacts.php  ,__trash,b6473d98-6329-4204-987e-8343cc59196f,__trash,бух'),(453,'http://habrahabr.ru/post/111195/\nhttp://habrahabr.ru/post/103174/\nhttp://blog.bigbinary.com/2010/02/15/how-jquery-selects-elements-using-sizzle.html\n\n\n\n\n\n\n,9923afcd-7aa0-4b63-991b-1c0147488aac,ufirst'),(476,'1. ufgdivo@azh-ras0m #> scp osw-le00:/home/ufgdivo/output.txt .\n2. dmitro@DMITRO:~/src/voegele/tools$ scp aspectra-zh:output.txt .\n \n ,0ff4eced-a975-4600-abbd-9513b931717e,9923afcd-7aa0-4b63-991b-1c0147488aac,osw,ufirst'),(479,'пнуть Омегу какого хера не выделяется анализы с отклонением от нормы  ,004aa11a-a0c9-41a9-b1a6-1deeadae9399,cb809b14-894d-4396-95d8-a4ec95b7954f,__trash,туду,клиника,__trash'),(470,'пнуть дмитри 07/22     цуцу\n  ,__date20150722,__date2015W30,__date201507,__date20150722,__date2015W30,__date201507'),(480,'добавить в КИ-анкеты для пациентов блок про согласие на обработку персональных данных   ,__trash,933e41eb-b1a8-4192-83c9-a71037c5d6cb,004aa11a-a0c9-41a9-b1a6-1deeadae9399,cb809b14-894d-4396-95d8-a4ec95b7954f,__trash,исследования,туду,клиника'),(482,'приказ по организации отдела клинических исследований + положение + журнал пациентов КИ   ,933e41eb-b1a8-4192-83c9-a71037c5d6cb,004aa11a-a0c9-41a9-b1a6-1deeadae9399,cb809b14-894d-4396-95d8-a4ec95b7954f,исследования,туду,клиника'),(483,'еврофлаер опросник-допуск на массаж + рассказ о массаже + самомассаж, массажа и ЛФК\n  ,66b01d2a-faf3-4e74-a42f-4cd7b4d4b278,bfa26fe4-140c-4b13-8efb-745e05c55d92,cb809b14-894d-4396-95d8-a4ec95b7954f,егор,полиграфия,клиника'),(481,'сделать новый прайс на анализы + 1с  \n ,__trash,004aa11a-a0c9-41a9-b1a6-1deeadae9399,cb809b14-894d-4396-95d8-a4ec95b7954f,__trash,туду,клиника'),(486,'пропиарить анализ синовиалки в фейсбуке клиники + ссылка на словарик на сайте клиники\n  ,004aa11a-a0c9-41a9-b1a6-1deeadae9399,4a41b0cc-a916-4af2-b78a-c9974342b942,cb809b14-894d-4396-95d8-a4ec95b7954f,туду,реклама,клиника'),(478,'написать учисто про недочеты сделано\n\n\n\n \n\n\n\n\n\n\n\n\n\n\n\n\n\n\n\n,fa07ff0c-6f7c-4d84-97aa-7dab5d8e82c5,текучка'),(485,'пульнуть в ФБ поздравление с днем независимости и написать что выходной + на сайте    \n   ,__trash,e6c89df7-5943-4862-ad45-121c0c693ad3,004aa11a-a0c9-41a9-b1a6-1deeadae9399,c050b81f-5440-4aec-8397-1e63f9e54b2e,cb809b14-894d-4396-95d8-a4ec95b7954f,__trash,сегодня,туду,сайт,клиника'),(488,'handleEdit: function () {\n            this.handledChange = false;\n            var editField = this.refs.editField.getDOMNode();\n            this.props.onEdit(function () {\n\n            }, editField);\n        },'),(459,'http://habrahabr.ru/company/databoom/blog/264485/\n \n \n  ,f3574d8b-e0a9-454b-800c-d3cb79f4fecb,9f94e9eb-a749-4f69-a6b6-1045b14a3081,dev,prototype'),(489,'https://vesselinv.com/lemp-with-vagrant/\n,a341407f-bf10-490f-9bff-c7e5bec56519,nsp'),(490,'фикс бд, пересмотр серверной части\n     ,6246163d-546e-4ed9-b646-22500c8da515,39d6db04-53d3-44d2-9606-2ca2fe2bb860,d053db1c-1e6e-4296-a557-74afe4c237b3,25.08,задачи,заметки'),(491,'убрать зависимость тагов автоподстановки и тагов справа\n ,39d6db04-53d3-44d2-9606-2ca2fe2bb860,d053db1c-1e6e-4296-a557-74afe4c237b3,задачи,заметки'),(492,'пин отдельных заметок. \nфильтр \"pinned\": выведет запиненные заметки + заметки по запиненным тагам\n ,39d6db04-53d3-44d2-9606-2ca2fe2bb860,d053db1c-1e6e-4296-a557-74afe4c237b3,задачи,заметки'),(493,'доделать удаление с корзиной (подгружать еще если удалили все из списка)\n  ,39d6db04-53d3-44d2-9606-2ca2fe2bb860,d053db1c-1e6e-4296-a557-74afe4c237b3,задачи,заметки'),(494,'пересмотреть гугл и фб авторизацию все ли там ок. Логаут. \n ,39d6db04-53d3-44d2-9606-2ca2fe2bb860,d053db1c-1e6e-4296-a557-74afe4c237b3,задачи,заметки'),(495,'действия со списком: как текст, удалить, запинить, расшарить\n ,39d6db04-53d3-44d2-9606-2ca2fe2bb860,d053db1c-1e6e-4296-a557-74afe4c237b3,задачи,заметки'),(496,'поиск\n ,39d6db04-53d3-44d2-9606-2ca2fe2bb860,d053db1c-1e6e-4296-a557-74afe4c237b3,задачи,заметки'),(497,'пополнить гуглорекламу   ,__trash,004aa11a-a0c9-41a9-b1a6-1deeadae9399,e6c89df7-5943-4862-ad45-121c0c693ad3,cb809b14-894d-4396-95d8-a4ec95b7954f,__trash,туду,сегодня,клиника'),(487,'попинать бухгалтера прайсом в 1с     ,__trash,b6473d98-6329-4204-987e-8343cc59196f,004aa11a-a0c9-41a9-b1a6-1deeadae9399,cb809b14-894d-4396-95d8-a4ec95b7954f,__trash,бух,туду,клиника'),(499,'тренажер http://trenager.com.ua/goods_stingrey_022_Life_Gear.htm  ,0c3c3857-576f-4ea8-99c4-cf9e051b3f77,cb809b14-894d-4396-95d8-a4ec95b7954f,купить,клиника'),(475,'запустить экспертную оценку работы м/с с 01/09/15        ,__trash,__date201501,__date2015W02,__date20150109,004aa11a-a0c9-41a9-b1a6-1deeadae9399,cb809b14-894d-4396-95d8-a4ec95b7954f,__trash,__date201501,__date2015W02,__date20150109,туду,клиника'),(504,'history API\n ,39d6db04-53d3-44d2-9606-2ca2fe2bb860,d053db1c-1e6e-4296-a557-74afe4c237b3,задачи,заметки'),(505,'закончить даты\n ,39d6db04-53d3-44d2-9606-2ca2fe2bb860,d053db1c-1e6e-4296-a557-74afe4c237b3,задачи,заметки'),(506,'cvxcxv\n ,__trash,1c53d4b9-453e-46e7-9d9f-78b1025d0ef9,338adf8a-d42e-4b59-9d25-7122c63db471,__trash,html,tech'),(507,'сказать на собрании об экономии света из-за сильного повышения тарифов     ,e6c89df7-5943-4862-ad45-121c0c693ad3,83068b13-dabf-43e9-9606-38bb149e9b10,cb809b14-894d-4396-95d8-a4ec95b7954f,__trash,сегодня,собрание,клиника,__trash'),(508,'скинуть диме программу конференций для ревматологов  ,__trash,1402cdc6-81ce-40f1-95dd-57af5675a298,cb809b14-894d-4396-95d8-a4ec95b7954f,__trash,перезагрузка,клиника'),(509,'заказать хаф-прайс\n,36a72e56-beb0-4c4f-8e41-90ec15260569,асап'),(510,'заказать юбс девайс\n,36a72e56-beb0-4c4f-8e41-90ec15260569,асап'),(512,'подарок маме ,0f3a9adc-68a2-48b6-83e9-dedc0b013a35,обед'),(511,'взять контракт на квартиру  ,eb58ff95-757f-46da-88b6-58ee338d2111,__trash,a48159ee-e466-41ac-892d-ae3e853ff751,вечер,__trash,утро'),(513,'обувь Сабо 280 грн (предложение в напариваниях) халаты 250-280 грн    ,__date201508,__date2015W36,__date20150831,611feddf-4aa1-4fbd-8b4c-ad74dacda29e,1402cdc6-81ce-40f1-95dd-57af5675a298,0c3c3857-576f-4ea8-99c4-cf9e051b3f77,cb809b14-894d-4396-95d8-a4ec95b7954f,__date201508,__date2015W36,__date20150831,спецодежда,перезагрузка,купить,клиника'),(514,'поменять инфо на емейл и заказать -20%   ,__trash,e6c89df7-5943-4862-ad45-121c0c693ad3,004aa11a-a0c9-41a9-b1a6-1deeadae9399,cb809b14-894d-4396-95d8-a4ec95b7954f,__trash,сегодня,туду,клиника'),(515,'сделать расширеную форму отзыва на сайте   ,c050b81f-5440-4aec-8397-1e63f9e54b2e,004aa11a-a0c9-41a9-b1a6-1deeadae9399,cb809b14-894d-4396-95d8-a4ec95b7954f,сайт,туду,клиника'),(516,'paypal demo ,__trash,a48159ee-e466-41ac-892d-ae3e853ff751,__trash,утро'),(517,'внедрить в практику скидку за счет доктора (например 10%?). доктор может попросить сделать эту скидку сам или она автоматически применяется, если пациент ожидал по вине доктора более 10 минут (опоздал, задуплил и т.д.)     ,486fa78d-f7ed-4169-aab4-8b1a98ed8e4f,74979eba-fafd-4ad4-b35f-a2b70b174207,cb809b14-894d-4396-95d8-a4ec95b7954f,амц,хотелка,клиника'),(518,'отобрать Сереге фотки   ,cb809b14-894d-4396-95d8-a4ec95b7954f,004aa11a-a0c9-41a9-b1a6-1deeadae9399,e6c89df7-5943-4862-ad45-121c0c693ad3,клиника,туду,сегодня');
/*!40000 ALTER TABLE `search_index` ENABLE KEYS */;
UNLOCK TABLES;

--
-- Table structure for table `tag`
--

DROP TABLE IF EXISTS `tag`;
/*!40101 SET @saved_cs_client     = @@character_set_client */;
/*!40101 SET character_set_client = utf8 */;
CREATE TABLE `tag` (
  `tag_id` int(11) NOT NULL AUTO_INCREMENT,
  `name` varchar(50) NOT NULL,
  `uuid` varchar(100) NOT NULL,
  `user_id` int(11) NOT NULL,
  `type` tinyint(3) unsigned NOT NULL DEFAULT '1',
  `pinned` tinyint(4) NOT NULL DEFAULT '0',
  `system` tinyint(3) unsigned NOT NULL DEFAULT '0',
  PRIMARY KEY (`tag_id`),
  KEY `user_id` (`user_id`),
  KEY `name` (`name`),
  KEY `uuid` (`uuid`)
) ENGINE=MyISAM AUTO_INCREMENT=254 DEFAULT CHARSET=utf8;
/*!40101 SET character_set_client = @saved_cs_client */;

--
-- Dumping data for table `tag`
--

LOCK TABLES `tag` WRITE;
/*!40000 ALTER TABLE `tag` DISABLE KEYS */;
INSERT INTO `tag` VALUES (4,'семья','50f23d0d-d833-447c-a1ec-6218f5ae3708',1,1,0,0),(6,'asap','9199306e-46ed-421e-ac15-b9c980bc4f09',1,1,1,0),(7,'игра','01cb8ecb-1172-4b03-b2fa-da0b6ab4b88e',1,1,0,0),(8,'понедельник','87ca8039-f4b8-4422-9aed-5a8646cbf414',1,1,0,0),(222,'__date201507','__date201507',1,1,0,1),(50,'999notes','b0dd4bb2-1921-4320-bd96-eefe525463de',1,1,0,0),(221,'__date2015W30','__date2015W30',1,1,0,1),(220,'__date20150722','__date20150722',1,1,0,1),(24,'первая','de5f6fc5-4e98-4db5-b326-48ded625a232',3,1,0,0),(23,'заметочка','6e28a65c-8d3d-40cd-ab96-660603a4d358',3,1,0,0),(25,'вторая','1c860d64-1e7a-47f3-80a2-6b77718d8b24',4,1,0,0),(26,'асап','71254088-c212-409c-ac81-1b55efe43d50',4,1,0,0),(27,'третья','1f8e0d02-77b0-4047-b4e4-10f385aded87',4,1,0,0),(28,'тест','017bcec5-06b3-44de-8245-66571e278bfe',5,1,0,0),(29,'шняга','09855593-669b-41e7-aa07-1733e7da6b6c',5,1,0,0),(30,'контакты','4463fff9-4c46-413b-94b8-81d1ddc5a8d9',5,1,0,0),(44,'amc','b68f57a7-7d00-49af-90ff-06c160c2f33d',1,1,0,0),(219,'prototype','9f94e9eb-a749-4f69-a6b6-1045b14a3081',1,1,0,0),(37,'linux','95b3b4a0-7ff0-469b-8935-5c5ade74ca55',1,1,0,0),(38,'tar','a881e366-c10b-4076-88bc-8cabde5ef7f6',1,1,0,0),(39,'filesystem','c0bbf165-0cb4-4eb7-bf0e-f2496f4893f6',1,1,0,0),(40,'tech','338adf8a-d42e-4b59-9d25-7122c63db471',1,1,0,0),(41,'API','6b6c2f31-5e5b-41b0-b9e4-fc626dace6e9',1,1,1,0),(43,'подарок','1bcc217b-3f70-4867-9a20-17ae16fc766c',1,1,0,0),(218,'ops','3547864c-08f0-429f-9e32-0d55f2a23225',1,1,0,0),(217,'workshop','a9da9812-7f06-45d3-9bc8-37adb0bebbeb',1,1,0,0),(216,'зарядка','e72bdd93-7d0c-4d4c-8336-e901e927bfc7',5,1,0,0),(215,'billpay','aad41c0e-fbf2-451b-863b-20ea4ed268d6',1,1,0,0),(214,'phpstorm','52ff2288-2790-4f54-8ce1-0a744aa70ba3',1,1,0,0),(59,'работа','3eee0c6c-9af9-4f2d-994d-67f41a40c899',5,1,0,0),(60,'секс','a5e7bdd8-29bc-4293-a8fc-f51633ba19d0',5,1,0,0),(61,'аввыа','0349c10d-ccd0-4071-af31-ab492b38182b',5,1,0,0),(62,'юмор','d4cd0b6c-4e86-4bb4-8368-9b0a593003ad',5,1,0,0),(63,'клиника','cb809b14-894d-4396-95d8-a4ec95b7954f',5,1,0,0),(64,'туду','004aa11a-a0c9-41a9-b1a6-1deeadae9399',5,1,0,0),(65,'клиника инфоповод','00fbe8f7-df05-4e6c-829b-3bc17db135df',5,1,0,0),(66,'инфоповод','16ebdeaa-a45a-4d63-8be6-f8fc51f3c609',5,1,0,0),(67,'контакты','7a74fab3-6d80-43fd-b192-aa0d99cb8c01',5,1,0,0),(68,'личное','82ee9c25-d934-4953-a2cb-ff8f3c72cceb',5,1,0,0),(69,'аккредитация','9cd07b90-1c2d-4f60-a730-0a9bcdc66046',5,1,0,0),(70,'дача','c0b6744c-ce5b-4882-9768-f036c255d47f',5,1,0,0),(71,'сегодня','e6c89df7-5943-4862-ad45-121c0c693ad3',5,1,1,0),(72,'дом','3524cc84-182d-406c-be0c-f81dc020c03d',5,1,0,0),(73,'новые услуги','b49665b1-7f79-4280-8268-2dd291bba3aa',5,1,0,0),(74,'ревматология','69a4f9b7-47a0-4b4e-8795-8f5d69bf8c72',5,1,0,0),(75,'артикулар','de7c07e9-062a-4836-a20a-ea6e979853c0',5,1,0,0),(76,'срочно','c0efd577-91c3-42fe-a65a-0c3443a4e2da',5,1,0,0),(77,'прайс','94caf025-b52b-4f7d-b58f-ee6f6a316895',5,1,0,0),(78,'заметки','d28d0c86-7295-44e9-8a61-3409d745022e',5,1,0,0),(79,'бух','b6473d98-6329-4204-987e-8343cc59196f',5,1,0,0),(80,'июль','af3b1d41-10ea-42c3-b671-780355c97d73',5,1,0,0),(81,'приказы','5a1e804d-6541-4933-b646-1e3df9a374d0',5,1,0,0),(82,'важно','6b74e7ff-edfe-4788-a49e-03c085df6103',5,1,0,0),(83,'ФОП','1a6088d9-f3ca-4b03-9eeb-794b07934aa7',5,1,0,0),(84,'хотелка','74979eba-fafd-4ad4-b35f-a2b70b174207',5,1,0,0),(85,'аккр','4528d9d4-9285-40ac-a189-264e47e7c281',5,1,0,0),(86,'юристы','c6b18b0b-0b68-458e-8920-afa075e90d53',5,1,0,0),(87,'ссылки','baf799fa-e5a6-4e5b-a4ca-2aeb952f70c3',5,1,0,0),(88,'купить','0c3c3857-576f-4ea8-99c4-cf9e051b3f77',5,1,0,0),(89,'дмитро','87c030f1-3b8f-4d11-b0d2-876cb1b0691a',5,1,0,0),(90,'реклама','4a41b0cc-a916-4af2-b78a-c9974342b942',5,1,0,0),(91,'сентябрь','bd8fe57d-9d82-4ccd-9bb1-7dc64bc4eb83',5,1,0,0),(92,'СХ','757b817c-b636-4c3c-bfd7-5d96b3bb1628',5,1,0,0),(93,'сашка','6674ecc8-0253-4748-86f6-f26587998b11',5,1,0,0),(94,'ойболит','a2f2c4c1-c45e-4064-8e10-93bb504e780a',5,1,0,0),(95,'сайт','c050b81f-5440-4aec-8397-1e63f9e54b2e',5,1,0,0),(96,'сайта','7ae1a02d-3381-4019-85b2-6450df8ed8e6',5,1,0,0),(97,'остеоартроз','2329cdc8-a8f8-41fd-aa7f-deff5f68df8e',5,1,0,0),(98,'учебный центр','0c93f62d-f8ed-49fe-b530-a7af13230172',5,1,0,0),(99,'график работы','54aae68e-3770-4cc5-8d03-982ea20eb8ed',5,1,0,0),(100,'митинг','1c32af81-ddbb-4fce-9360-8aefe650166a',5,1,0,0),(101,'хотелки','4f435ae4-33b3-476f-9c63-ff90fe9ee968',5,1,0,0),(102,'оксана','117e7d72-4735-499f-b7f3-17960fd6e611',5,1,0,0),(103,'банк','b9cdd116-c848-4e60-87a8-35a868bbdc96',5,1,0,0),(104,'сиджи','9e41bb5e-857e-4cf5-b6f5-716f3e82f8ce',5,1,0,0),(105,'санатории','5f39293b-2395-4299-a36e-aa302dd1a67a',5,1,0,0),(106,'геращенко','9e0e6f2d-0dab-43db-9c79-2a292a6de78a',5,1,0,0),(107,'полиграфия','bfa26fe4-140c-4b13-8efb-745e05c55d92',5,1,0,0),(108,'ортезы','2031d357-a908-4035-bf52-32845cd56e69',5,1,0,0),(109,'сего','3058aa8e-0c25-40a2-a7f3-9ffe1fa394cc',5,1,0,0),(110,'леси','15b5910f-02dd-4376-bfed-0f0f73a22e88',5,1,0,0),(111,'амц','486fa78d-f7ed-4169-aab4-8b1a98ed8e4f',5,1,0,0),(112,'шкода','1dbc7e17-f8fb-47a1-a518-b0572dfd1f6c',5,1,0,0),(113,'seo','18f1e368-543f-40f4-8293-370f4e07ea34',5,1,0,0),(114,'прочитать','9f400981-d025-4431-9c54-624fdad6d35b',5,1,0,0),(116,'новые','db99c4d6-cbed-4c9d-b599-dff62b6c15f6',5,1,0,0),(117,'w3','6e5b1ce4-afac-4d47-855d-a53a7966d461',1,1,0,0),(118,'html','1c53d4b9-453e-46e7-9d9f-78b1025d0ef9',1,1,0,0),(119,'css','13e0b0ea-7148-4e16-b28b-9f9d3c1adfd7',1,1,0,0),(213,'english','a5a0f440-1d51-4353-8c9e-8ab0878236ea',1,1,0,0),(212,'хомяк','2d79c0cc-7bbb-400e-8679-122479770946',5,1,0,0),(211,'this','e215ae90-b008-48d4-a3d7-0570ad06a2d6',5,1,0,0),(125,'magento','9b7e43b0-2414-4edd-b40f-aeff6c0bf2b5',1,1,0,0),(126,'interview','2cca0291-18b1-41ac-8b6e-464dadc11eb1',1,1,1,0),(127,'школа','9faba6f3-f39c-4b02-8b61-50000b5db84d',5,1,0,0),(128,'ильин','be6ed2e0-0b94-47b0-95b0-337a0de0a41c',5,1,0,0),(129,'гнилорыбов','50a03b17-122b-4b74-b9f1-defd4af73256',5,1,0,0),(130,'перезагрузка','1402cdc6-81ce-40f1-95dd-57af5675a298',5,1,0,0),(131,'бланки','cd78966b-f0c6-4489-ac2e-c7eb77cd745f',5,1,0,0),(132,'паспорт','f7df7c1c-a71b-4e3e-bbb8-a9782d3a08f3',1,1,0,0),(133,'twitter','f866a0b2-f2f0-49ce-9dba-14c9d3c825d7',1,1,0,0),(134,'programming','d10c0eca-1600-4ad2-a4f9-420f554fb9e1',1,1,0,0),(135,'ufirst','9923afcd-7aa0-4b63-991b-1c0147488aac',1,1,0,0),(136,'read','2690a240-cbfc-4d89-8276-a6884cd3071a',1,1,0,0),(137,'садовая','7550af22-c6af-425a-a858-3d8f091d7cc6',5,1,0,0),(143,'стартап','44314b99-3e38-41d4-b6ea-7c93fb90dbcb',5,1,0,0),(138,'контент','265c5ac0-e15f-4d91-ba61-3c23db94d0f9',5,1,0,0),(139,'заметки','d053db1c-1e6e-4296-a557-74afe4c237b3',1,1,0,0),(140,'встречи','bad0b317-5513-40be-8989-c8fd958f6d05',5,1,0,0),(210,'NEWTAG','77036312-1e03-48c9-b9d9-dec87b599faa',1,1,0,0),(209,'monthInvalid date','Invalid date',5,1,0,1),(144,'даша','7bae6f4d-2330-419a-a02f-b86a29f12660',1,1,0,0),(145,'4года','10618216-2c6a-4abb-b314-0925670d7237',1,1,0,0),(146,'dev','f3574d8b-e0a9-454b-800c-d3cb79f4fecb',1,1,0,0),(147,'quotes','7563c159-47f0-4de4-a676-ec3f823c28ef',1,1,0,0),(148,'watch','12c488bb-7949-4212-b61e-ea52acc6ee68',1,1,0,0),(149,'аккредитация','8a495cbd-40c3-4f36-b72e-c9084562662c',1,1,0,0),(150,'redis','60bc2fd3-4c31-499a-ab2f-211bc8e40564',1,1,0,0),(151,'клиника','6f7daf7d-2fca-44dc-9807-781e4e654cea',1,1,0,0),(152,'туду','abb41236-975f-4d2b-9084-08a52fca4eab',1,1,0,0),(208,'today','__date2015-07-21',1,1,0,1),(207,'day2015-07-23','__date2015-07-23',1,1,0,1),(206,'day2015-07-24','__date2015-07-24',5,1,0,1),(205,'this week','__date2015-W30',5,1,0,1),(158,'бабло','8b01323f-974d-4c6a-8243-9b1523798fa2',5,1,0,0),(159,'shit','2ea2d980-9127-442f-9e75-f56c62be29fc',1,1,0,0),(204,'this month','__date2015-07',5,1,0,1),(161,'проекты','909beada-e63e-409d-8666-0c0047ce1b56',1,1,0,0),(198,'this month','__date2015-07',1,1,0,1),(199,'this week','__date2015-W30',1,1,0,1),(200,'day2015-07-20','__date2015-07-20',1,1,0,1),(201,'next week','__date2015-W31',1,1,0,1),(202,'day2015-07-28','__date2015-07-28',1,1,0,1),(203,'tomorrow','__date2015-07-22',1,1,0,1),(223,'сделано','cee9abb2-b366-4630-becf-b5417640e4d8',5,1,0,0),(224,'__date20020504','__date20020504',5,1,0,1),(225,'__date2002W18','__date2002W18',5,1,0,1),(226,'__date200205','__date200205',5,1,0,1),(227,'рембрус','790ad9cf-8cd1-469d-9316-dc8e1eb2c591',5,1,0,0),(228,'__date20150109','__date20150109',5,1,0,1),(229,'__date2015W02','__date2015W02',5,1,0,1),(230,'__date201501','__date201501',5,1,0,1),(231,'osw','0ff4eced-a975-4600-abbd-9513b931717e',1,1,0,0),(232,'текучка','fa07ff0c-6f7c-4d84-97aa-7dab5d8e82c5',1,1,0,0),(233,'__trash','__trash',1,1,0,1),(234,'исследования','933e41eb-b1a8-4192-83c9-a71037c5d6cb',5,1,0,0),(235,'__trash','__trash',5,1,0,1),(236,'егор','66b01d2a-faf3-4e74-a42f-4cd7b4d4b278',5,1,0,0),(237,'nsp','a341407f-bf10-490f-9bff-c7e5bec56519',1,1,0,0),(238,'задачи','39d6db04-53d3-44d2-9606-2ca2fe2bb860',1,1,0,0),(239,'24.08','04c92850-e3db-40e5-9939-117630850fea',1,1,0,0),(240,'25.08','6246163d-546e-4ed9-b646-22500c8da515',1,1,0,0),(241,'__dateInvalid date','__dateInvalid date',5,1,0,1),(242,'__date20150809','__date20150809',5,1,0,1),(243,'__date2015W32','__date2015W32',5,1,0,1),(244,'__date201508','__date201508',5,1,0,1),(245,'подарки','c5227c7d-59b9-4e0a-a95c-ca580f3ee744',1,1,0,0),(246,'собрание','83068b13-dabf-43e9-9606-38bb149e9b10',5,1,0,0),(247,'асап','36a72e56-beb0-4c4f-8e41-90ec15260569',1,1,0,0),(248,'вечер','eb58ff95-757f-46da-88b6-58ee338d2111',1,1,0,0),(249,'обед','0f3a9adc-68a2-48b6-83e9-dedc0b013a35',1,1,0,0),(250,'утро','a48159ee-e466-41ac-892d-ae3e853ff751',1,1,0,0),(251,'спецодежда','611feddf-4aa1-4fbd-8b4c-ad74dacda29e',5,1,0,0),(252,'__date20150831','__date20150831',5,1,0,1),(253,'__date2015W36','__date2015W36',5,1,0,1);
/*!40000 ALTER TABLE `tag` ENABLE KEYS */;
UNLOCK TABLES;

--
-- Table structure for table `tagold`
--

DROP TABLE IF EXISTS `tagold`;
/*!40101 SET @saved_cs_client     = @@character_set_client */;
/*!40101 SET character_set_client = utf8 */;
CREATE TABLE `tagold` (
  `tag_id` int(11) NOT NULL AUTO_INCREMENT,
  `name` varchar(50) CHARACTER SET utf8 NOT NULL,
  `user_id` int(11) NOT NULL,
  PRIMARY KEY (`tag_id`),
  KEY `user_id` (`user_id`),
  KEY `name` (`name`)
) ENGINE=InnoDB AUTO_INCREMENT=78 DEFAULT CHARSET=latin1;
/*!40101 SET character_set_client = @saved_cs_client */;

--
-- Dumping data for table `tagold`
--

LOCK TABLES `tagold` WRITE;
/*!40000 ALTER TABLE `tagold` DISABLE KEYS */;
INSERT INTO `tagold` VALUES (1,'wdwdf',7),(2,'sdfsdf',7),(3,'sdfsdfss',7),(4,'работа',8),(5,'секс',8),(6,'аввыа',8),(7,'sdf',7),(8,'sdfsdfsdf',7),(9,'асап',7),(10,'по возможности',7),(11,'юмор',8),(12,'клиника',8),(13,'туду',8),(14,'клиника инфоповод',8),(15,'инфоповод',8),(16,'контакты',8),(17,'личное',8),(18,'аккредитация',8),(19,'дача',8),(20,'сегодня',8),(21,'дом',8),(22,'новые услуги',8),(23,'ревматология',8),(24,'артикулар',8),(25,'срочно',8),(26,'прайс',8),(27,'заметки',8),(28,'бух',8),(29,'июль',8),(30,'приказы',8),(31,'важно',8),(32,'ФОП',8),(33,'хотелка',8),(34,'аккр',8),(35,'юристы',8),(36,'спд',7),(37,'ссылки',8),(38,'спортпит',7),(39,'купить',8),(40,'дмитро',8),(41,'реклама',8),(42,'сентябрь',8),(43,'СХ',8),(44,'сашка',8),(45,'ойболит',8),(46,'сайт',8),(47,'сайта',8),(48,'остеоартроз',8),(49,'учебный центр',8),(50,'график работы',8),(51,'митинг',8),(52,'хотелки',8),(53,'оксана',8),(54,'банк',8),(55,'сиджи',8),(56,'дизайн',7),(57,'санатории',8),(58,'геращенко',8),(59,'полиграфия',8),(60,'выезд',7),(61,'ортезы',8),(62,'сего',8),(63,'ufirst',7),(64,'леси',8),(65,'английский',7),(66,'read',7),(67,'learn',7),(68,'rea',7),(69,'ЗОЖ',7),(70,'lear',7),(71,'амц',8),(72,'test',7),(73,'шкода',8),(74,'sdfsd',7),(75,'startup',7),(76,'seo',8),(77,'прочитать',8);
/*!40000 ALTER TABLE `tagold` ENABLE KEYS */;
UNLOCK TABLES;

--
-- Table structure for table `userold`
--

DROP TABLE IF EXISTS `userold`;
/*!40101 SET @saved_cs_client     = @@character_set_client */;
/*!40101 SET character_set_client = utf8 */;
CREATE TABLE `userold` (
  `user_id` int(11) NOT NULL AUTO_INCREMENT,
  `google_id` varchar(100) CHARACTER SET utf8 NOT NULL,
  `name` varchar(150) CHARACTER SET utf8 NOT NULL,
  `email` varchar(150) CHARACTER SET utf8 NOT NULL,
  `last_logged_in` int(11) NOT NULL,
  PRIMARY KEY (`user_id`),
  KEY `google_id` (`google_id`)
) ENGINE=InnoDB AUTO_INCREMENT=11 DEFAULT CHARSET=latin1;
/*!40101 SET character_set_client = @saved_cs_client */;

--
-- Dumping data for table `userold`
--

LOCK TABLES `userold` WRITE;
/*!40000 ALTER TABLE `userold` DISABLE KEYS */;
INSERT INTO `userold` VALUES (7,'111225627451358768158','Dmitry Volik','killoff@gmail.com',0),(8,'108745260524220503253','Christopher Ter-Vartanyan','hachatur@gmail.com',0),(9,'109256693222692826391','Christopher Ter-Vartanyan','chris@rheumatology.com.ua',0),(10,'113564065695411683496','Dmitriy Volik','dmitriy.volik@ufirstgroup.ch',0);
/*!40000 ALTER TABLE `userold` ENABLE KEYS */;
UNLOCK TABLES;

--
-- Table structure for table `users`
--

DROP TABLE IF EXISTS `users`;
/*!40101 SET @saved_cs_client     = @@character_set_client */;
/*!40101 SET character_set_client = utf8 */;
CREATE TABLE `users` (
  `id` int(11) NOT NULL AUTO_INCREMENT,
  `email` varchar(100) NOT NULL,
  `password` varchar(100) DEFAULT NULL,
  `name` varchar(100) NOT NULL,
  `external_id` varchar(200) NOT NULL,
  `external_info` varchar(1000) DEFAULT NULL,
  `created_at` datetime DEFAULT NULL,
  `updated_at` datetime DEFAULT NULL,
  `remember_token` varchar(100) NOT NULL,
  PRIMARY KEY (`id`),
  UNIQUE KEY `unique_external_id` (`external_id`)
) ENGINE=InnoDB AUTO_INCREMENT=7 DEFAULT CHARSET=latin1;
/*!40101 SET character_set_client = @saved_cs_client */;

--
-- Dumping data for table `users`
--

LOCK TABLES `users` WRITE;
/*!40000 ALTER TABLE `users` DISABLE KEYS */;
INSERT INTO `users` VALUES (1,'killoff@gmail.com',NULL,'Dmitry Volik','google111225627451358768158','{\"id\":\"111225627451358768158\",\"email\":\"killoff@gmail.com\",\"verified_email\":true,\"name\":\"Dmitry Volik\",\"given_name\":\"Dmitry\",\"family_name\":\"Volik\",\"link\":\"https:\\/\\/plus.google.com\\/111225627451358768158\",\"picture\":\"https:\\/\\/lh3.googleusercontent.com\\/-XdUIqdMkCWA\\/AAAAAAAAAAI\\/AAAAAAAAAAA\\/4252rscbv5M\\/photo.jpg\",\"gender\":\"male\",\"locale\":\"en\"}','2014-12-30 23:54:29','2014-12-30 23:54:29','fzEVNrXAzmaec41KRev5bDjGSr8JeNRB9SfFOVUWFZuNVuKS2qkPElYaHJeJ'),(2,'dmytro.volyk@gmail.com',NULL,'Dmitriy Volik','fb1520029994927487','{\"id\":\"1520029994927487\",\"email\":\"dmytro.volyk@gmail.com\",\"first_name\":\"Dmitriy\",\"gender\":\"male\",\"last_name\":\"Volik\",\"link\":\"https:\\/\\/www.facebook.com\\/app_scoped_user_id\\/1520029994927487\\/\",\"locale\":\"en_US\",\"name\":\"Dmitriy Volik\",\"timezone\":1,\"updated_time\":\"2014-12-30T21:52:46+0000\",\"verified\":true}','2014-12-30 23:54:39','2014-12-30 23:54:39','KEXyow7llf1DNyEFxE6DRy7RsNr5YqiOQLHpNV0kOoeXIg1BVwHgUFMdrw2x'),(3,'inmakarenko@gmail.com',NULL,'Inna Makarenko','google101545696989007587098','{\"id\":\"101545696989007587098\",\"email\":\"inmakarenko@gmail.com\",\"verified_email\":true,\"name\":\"Inna Makarenko\",\"given_name\":\"Inna\",\"family_name\":\"Makarenko\",\"link\":\"https:\\/\\/plus.google.com\\/101545696989007587098\",\"picture\":\"https:\\/\\/lh6.googleusercontent.com\\/-M9M-nVFUq-I\\/AAAAAAAAAAI\\/AAAAAAAAVAc\\/EP79M4Is6qY\\/photo.jpg\",\"gender\":\"female\",\"locale\":\"en\"}','2015-02-03 22:27:06','2015-02-03 22:27:06','O6LH7FZZMsveHz0AfWchPAEscgiUS5HYjiuXLSUv81TarCnSxU6gyb2A5hX3'),(4,'dmitriy.volik@ufirstgroup.ch',NULL,'Dmitriy Volik','google113564065695411683496','{\"id\":\"113564065695411683496\",\"email\":\"dmitriy.volik@ufirstgroup.ch\",\"verified_email\":true,\"name\":\"Dmitriy Volik\",\"given_name\":\"Dmitriy\",\"family_name\":\"Volik\",\"picture\":\"https:\\/\\/lh3.googleusercontent.com\\/-XdUIqdMkCWA\\/AAAAAAAAAAI\\/AAAAAAAAAAA\\/4252rscbv5M\\/photo.jpg\",\"locale\":\"en\",\"hd\":\"ufirstgroup.ch\"}','2015-02-04 08:11:22','2015-02-04 08:11:22','tpuM7jExivu8mRGj9HjRncVmLnowGoB8XHDmZvEWJYHZO9j24QVXzmHj78CT'),(5,'hachatur@gmail.com',NULL,'Christopher Ter-Vartanyan','google108745260524220503253','{\"id\":\"108745260524220503253\",\"email\":\"hachatur@gmail.com\",\"verified_email\":true,\"name\":\"Christopher Ter-Vartanyan\",\"given_name\":\"Christopher\",\"family_name\":\"Ter-Vartanyan\",\"link\":\"https:\\/\\/plus.google.com\\/108745260524220503253\",\"picture\":\"https:\\/\\/lh3.googleusercontent.com\\/-XdUIqdMkCWA\\/AAAAAAAAAAI\\/AAAAAAAAAAA\\/4252rscbv5M\\/photo.jpg\",\"gender\":\"male\",\"locale\":\"ru\"}','2015-02-04 08:59:37','2015-02-04 08:59:37','fvPxEsTvDr4OIFF4QK7lMeEUzfh8wrUVfUsg2DuTmrvRlRN9nTQzV183T1k9'),(6,'evolik@gmail.com',NULL,'Eugene Volik','google115130649628734622074','{\"id\":\"115130649628734622074\",\"email\":\"evolik@gmail.com\",\"verified_email\":true,\"name\":\"Eugene Volik\",\"given_name\":\"Eugene\",\"family_name\":\"Volik\",\"link\":\"https:\\/\\/plus.google.com\\/+EugeneVolik\",\"picture\":\"https:\\/\\/lh3.googleusercontent.com\\/-mg_MtB3LtZQ\\/AAAAAAAAAAI\\/AAAAAAAADSo\\/5dG6ZSV0F-c\\/photo.jpg\",\"gender\":\"male\",\"locale\":\"ru\"}','2015-06-23 15:43:25','2015-06-23 15:43:25','ZjIhcPOWxaZyne0IEhmO0Ro00DtFjJmEHaxcKUv4efDZ6iId2ug2CezVa0zz');
/*!40000 ALTER TABLE `users` ENABLE KEYS */;
UNLOCK TABLES;
/*!40103 SET TIME_ZONE=@OLD_TIME_ZONE */;

/*!40101 SET SQL_MODE=@OLD_SQL_MODE */;
/*!40014 SET FOREIGN_KEY_CHECKS=@OLD_FOREIGN_KEY_CHECKS */;
/*!40014 SET UNIQUE_CHECKS=@OLD_UNIQUE_CHECKS */;
/*!40101 SET CHARACTER_SET_CLIENT=@OLD_CHARACTER_SET_CLIENT */;
/*!40101 SET CHARACTER_SET_RESULTS=@OLD_CHARACTER_SET_RESULTS */;
/*!40101 SET COLLATION_CONNECTION=@OLD_COLLATION_CONNECTION */;
/*!40111 SET SQL_NOTES=@OLD_SQL_NOTES */;

-- Dump completed on 2015-09-05  9:40:01
